"Ảnh","Mã sản phẩm","Ngày cập nhật","Chủng loại","Lưu ý nhận sx 1c / sx hết tồn","","Tên sản phẩm","Nguyên Giá (bắt buộc)","Giá TMĐT","Giá TMĐT làm tròn","Giá KM","Mùa vụ","Tồn","Màu sắc","SIZE SỐ","Chất liệu","Mô tả sản phẩm","Hàng tặng","","BST mới","Biển","Nghệ sĩ","","","","","","","","","","","","","","","","","","","","","Sale CH",""
"","MR0AC6080","06/08/2026","Áo cộc tay","HẾT HÀNG","","Penny","750.000","","","","Xuân hè 2026","0","TRẮNG TIÊU","","","","","","","","","","","","","","","","","","","","","","","","","","","","","",""
"","MRKSQ6066","07/08/2026","Set quần","Không nhận sx 1c","","Celyra","1.450.000","","","","Xuân hè 2026","39","TRẮNG","","Sand Chiffon","TƠ SẦN
Cấu tạo: ÁO ĐÓNG CÚC. QUẦN CÓ KHOÁ
Độ co giãn: ko co giãn
Kết cấu: ÁO 1 LỚP 
QUẦN 2 LỚP","Áo Quây","","","","","","","","","","","","","","","","","","","","","","","","","20%",""
"","MG0VX6037","06/08/2026","Váy xoè","HẾT HÀNG","","Yelira","990.000","","","","Xuân hè 2026","0","KEM","","silk chiffon","Thiết kế đầm Yelira được làm từ chất liệu silk chiffon cao cấp – nổi bật với độ mềm mịn, nhẹ và rũ tự nhiên, mang lại cảm giác thoáng mát và cực kỳ dễ chịu khi mặc.
Form dáng xếp tầng tinh tế giúp tạo hiệu ứng bồng bềnh, nữ tính, che khuyết điểm tốt mà vẫn tôn lên vẻ thanh thoát cho người mặc. Phần thân trên thiết kế đơn giản, kết hợp cùng chất liệu bay nhẹ giúp tổng thể trở nên sang trọng nhưng không cầu kỳ
Cấu tạo: Không khóa. chui đầu
Độ co giãn: ko co giãn
Kết cấu: 2 lớp","","","","","","","","","","","","","","","","","","","","","","","","","","20%",""
"","MG0SQ6042","12/08/2026","Set quần","Không nhận sx 1c","","Oriana","1.350.000","","","","Xuân hè 2026","0","TRẮNG","","cold silk","Thiết kế Oriana sử dụng chất liệu cold silk – loại vải nổi tiếng với bề mặt mịn mát, khi chạm vào có cảm giác “lạnh tay” rất dễ chịu. Nhờ đặc tính thoáng khí và nhẹ, set đồ đặc biệt phù hợp cho thời tiết nóng, mặc cả ngày vẫn thấy khô ráo và thoải mái.
Phom dáng rộng rãi, buông nhẹ theo cơ thể giúp tạo cảm giác thanh thoát, không gò bó. Áo sơ mi cách điệu với chi tiết cổ thêu và hàng nút nhỏ mang lại nét nữ tính tinh tế, kết hợp cùng quần short đồng bộ tạo nên tổng thể hài hòa – vừa kín đáo vừa trẻ trung.
Điểm hay của chất vải này là giữ được độ mềm rũ tự nhiên nhưng vẫn đủ đứng form để outfit luôn gọn gàng, không bị luộm thuộm. Khi di chuyển, vải có độ bay nhẹ rất đẹp, tạo cảm giác “nhẹ tênh” đúng chuẩn phong cách nghỉ dưỡng
Cấu tạo: ÁO CÓ CÚC CHUI ĐẦU
Độ co giãn: KHÔng co giãn
Kết cấu: 2 LỚP","","","","","","","","","","","","","","","","","","","","","","","","","","20%",""
"","MG0AC6046","06/08/2026","Áo cộc tay","HẾT HÀNG","","Orelle","750.000","","","","Xuân hè 2026","0","XANH, TRẮNG, HỒNG, VÀNG, ( VÀNG KO NHẬN SX 1C )","FREE SIZE ","Cotton Elastic","Sản phẩm Orelle , điểm Sáng Từ Chất Liệu Cotton Elastic (Cotton Co Giãn):
Siêu co giãn & Đàn hồi: Chất liệu Cotton Elastic giúp áo giữ form cực tốt, ôm nhẹ theo đường cong cơ thể mà không hề gây cảm giác gò bó. Nàng có thể thoải mái vận động cả ngày dài.
Thấm hút vượt trội: Sợi cotton tự nhiên giúp làn da luôn được ""thở"", cực kỳ thoáng mát và thấm hút mồ hôi tốt, rất phù hợp với khí hậu nóng ẩm.
Bề mặt vải mịn mượt: Vải có độ mềm mại, không gây kích ứng da và đặc biệt là rất bền màu, ít nhăn sau khi giặt.
Thiết Kế Thời Thượng , Áo thun vàng pastel trẻ trung: Kết hợp họa tiết chữ thanh mảnh, mang lại vẻ ngoài ngọt ngào nhưng vẫn rất hiện đại. Điểm xuyết thêm chiếc khăn quàng nhẹ tạo điểm nhấn ""layer"" cực Tây
Cấu tạo: KHÔNG CÓ KHOÁ
Độ co giãn: CÓ CO GIÃN
Kết cấu: 1 LỚP","","","","","","","","","","","","","","","","","","","","","","","","","","20%",""
"","MG0CV6047","06/08/2026","Chân váy","HẾT HÀNG","","Orelisse","650.000","","","","Xuân hè 2026","0","XANH DƯƠNG, KEM","FREESIZE","Cotton Pima","Sản phẩm Orelisse Bề mặt vải mướt mịn , Cold Khaki có độ bóng nhẹ, mặt vải mịn màng, sờ vào cảm giác mát lịm tay đúng như tên gọi.
Giữ Form tuyệt đối: Chất vải có độ đứng nhất định, giúp các đường xếp ly ở phần cạp váy luôn sắc nét, tạo độ xòe tự nhiên và che khuyết điểm đôi chân cực tốt.
Ít nhăn, bền màu: Đặc tính nổi trội là rất khó nhăn, giúp nàng luôn giữ được diện mạo chỉn chu suốt cả ngày dài làm việc hay di chuyển.
Thiết kế tinh tế & Tôn dáng:
Dáng dài Midi: Độ dài qua gối vừa phải mang lại vẻ ngoài kín đáo, sang trọng nhưng vẫn rất trẻ trung.
Cạp cao ""hack"" eo: Thiết kế cạp váy ôm gọn vòng eo, kết hợp cùng họa tiết chìm tinh tế trên nền vải xám xanh thanh lịch, tạo hiệu ứng thị giác giúp đôi chân trông dài hơn
Cấu tạo: CÓ KHOÁ. CÓ CHUN LƯNG
Độ co giãn: KHÔng co giãn
Kết cấu: 1 LỚP","","","","","","","","","","","","","","","","","","","","","","","","","","20%",""
"","MG0AC6048","06/08/2026","Áo cộc tay","Không nhận sx 1c","","Orelina","750.000","","","","Xuân hè 2026","0","XANH NHẠT, VÀNG NHẠT","FREE SIZE ","Cotton Pima","Sản phẩm Orelina được làm từ chất vải 100% Cotton tự nhiên: Cực kỳ mềm mại, thấm hút mồ hôi tốt, mặc mùa hè thì bao mát, mùa thu thì êm ái.
An toàn cho da: Vải lành tính, không gây ngứa hay bí bách, kể cả da nhạy cảm.
Form dáng chuẩn: Áo lên form cực xinh, dễ mặc, dễ phối với mọi loại chân váy hay quần jeans.
Màu kem thanh lịch: Tone màu nịnh da, mặc lên nhìn trẻ trung và rất ""sang"" nha các nàng
Cấu tạo: KHÔNG CÓ KHOÁ
Độ co giãn: CÓ CO GIÃN
Kết cấu: 2 LỚP","","","","","","","","","","","","","","","","","","","","","","","","","","20%",""
"","MR0VX6076","06/08/2026","Váy xoè","Không nhận sx 1c","","Orlora","1.290.000","","","","Xuân hè 2026","0","VÀNG, HỒNG","S,M","voan boil","Đầm suông 2 dây được làm từ chất liệu voan boil , mặc mùa xuân hè vô cùng phù hợp , chất liệu vải mát , nhăn tự nhiên . Điểm nhấn của đầm ở phần ngực , được tạo đính thủ công smocking tạo nên chiếc đầm phần phóng khoáng nhưng cũng rất thướt tha
Cấu tạo: KHÔNG CÓ KHOÁ
Độ co giãn: KHÔNG CO GIÃN
Kết cấu: 2 LỚP","","","","","","","","","","","","","","","","","","","","","","","","","","20%",""
"","MR0SQ6078","06/08/2026","Set quần","Không nhận sx 1c","","Orviane","1.290.000","","","","Xuân hè 2026","0","TRẮNG, BE","S,M","Vải bamboo","Set quần Orviane được làm bằng chất liệu voan nhật vân kẻ .Bề mặt vải có độ rủ mềm mại, mỏng nhẹ và thoáng mát tuyệt đối. Các đường sọc dọc chìm giúp tạo hiệu ứng thị giác thon gọn và ""kéo dài"" vóc dáng cực đỉnh. , đỡ áo bằng voan trong, có dây buộc phía trước,Vạt áo xòe nhẹ (peplum) giúp giấu khuyết điểm vòng 2 hoàn hảo. kết hợp cùng quần dài, có lót quần trong phom rộng tạo thoải mái thướt tha
Cấu tạo: Áo buộc dây trước ngực. Quần có khóa kéo
Độ co giãn: KHÔNG CO GIÃN
Kết cấu: Quần 2 lớp","","","","","","","","","","","","","","","","","","","","","","","","","","20%",""
"","MG0SV6029","06/08/2026","Set váy","HẾT HÀNG","","Orvessae","790.000","","","","Xuân hè 2026","0","KEM","S,M","Needle Lace","Set Orvessae được làm từ chất liệu Ren kim hay còn gọi là Needle Lace , vừa có độ trong , vừa có sự mỏng nhẹ , bay bay , trái ngược với các loại ren dày trên thị trường thì chất liệu ren này vừa có độ bay của voan , vừa có độ mềm mại của ren , tạo cho người mặc vẻ sang chảnh , nữ tính
Cấu tạo: Áo đóng cúc sau cổ. Chân váy cạp chun
Độ co giãn: KHÔNG CO GIÃN
Kết cấu: 2 lớp","","","","","","","","","","","","","","","","","","","","","","","","","","20%",""
"","MG0VX6032","06/08/2026","Váy xoè","Không nhận sx 1c","","Orvellae","790.000","","","","Xuân hè 2026","0","TRẮNG","FREESIZE","Cotton Silk","Đầm Orvellae được làm từ chất liệu Cotton Silk kết hợp với dệt ren đanh tạo cảm giác thanh lịch , nữ tính , có chút quyền lực . Với điểm nhấn ở phần chun cổ chạy xuống tới ngang vai tạo cảm giác sang trọng , nhưng vẫn giữ được nét thanh lịch vì phom dáng váy là dáng xòe . Phần gấu váy kết hợp với thêu ren nổi , càng làm bộ trang phục trở nên bắt mắt hơn
Cấu tạo: Đóng cúc sau cổ. Phần cổ có co giãn do chạy chỉ chun
Độ co giãn: KHÔNG CO GIÃN
Kết cấu: 2 lớp","","","","","","","","","","","","","","","","","","","","","","","","","","20%",""
"","MR0QD6101","06/08/2026","Quần dài ( Chiều dài qua gối trở xuống )","Không nhận sx 1c","","Piper","790.000","","","","Xuân hè 2026","1","NÂU","S,M","Tulle fabric","Sản phẩm Piper được làm từ chất liệu Tulle fabric hay còn gọi là Tuýt si Hàn , một loại chất liệu Bền, giữ phom tốt, ít nhăn, phù hợp cho môi trường công sở chuyên nghiệp . Giúp cho sản phẩm lên đúng phom dáng . Phom dáng ống côn cổ điển rất phù hợp cho các chị em dân văn phòng hay đi cà phê , đi dạo phố với bạn bè
Cấu tạo: Kéo khóa trước + Đóng cúc
Độ co giãn: Không co giãn
Kết cấu: 1 lớp","","","","","","","","","","","","","","","","","","","","","","","","","","20%",""
"","MR0AD6102","06/08/2026","Áo dài tay","Không nhận sx 1c","","Polly","690.000","","","","Xuân hè 2026","0","XANH","Free size","Raw Silk","ÁO SƠ MI THÔ KATE MẦU XANH NHẸ NHÀNG CHẤT LIỆU DẦY VỪA PHẢI TẠO ĐỘ ĐỨNG PHOM HƠN KHI MẶC ,TRƯỚC NGỰC CÓ TRANG TRÍ CÁC ĐƯỜNG XOÁY BÈO DÚM UYỂN CHUYỂN NHẸ NHÀNG NỮ TÍNH
Cấu tạo: ĐÓNG CÚC
Độ co giãn: Không co giãn
Kết cấu: 1 lớp","","","","","","","","","","","","","","","","","","","","","","","","","","20%",""
"","MG0AC6064","06/08/2026","Áo cộc tay","HẾT HÀNG","","Portia","590.000","","","","Xuân hè 2026","0","HỒNG CAM, KEM","Free size","Crinkle chiffon","ÁO CỘC TAY CHẤT XỐP GIẤY NHĂN , MỎNG NHẸ MÁT MẦU HỒNG CAM NHẸ NHÀNG TÔN DA PHÙ HỢP XU HƯỚNG CHO HÈ NÀY ,ÁO THIẾT KẾ TRANG TRÍ THÂN TRƯỚC ĐAN DÂY , CHẠY BÈO , THÂN SAU TRẦN CHỈ CHUN TOÀN LƯNG TẠO ĐỘ ÔM CO GIÃN THOẢI MÁI KHI MẶC ,CỔ VUÔNG
Cấu tạo: Áo chui đầu
Độ co giãn: CÓ CO GIÃN
Kết cấu: TT 2 LỚP 
TS 1 LỚP","","","","","","","","","","","","","","","","","","","","","","","","","","20%",""
"","MR0AD6107","06/08/2026","Áo dài tay","Không nhận sx 1c","","Palin","690.000","","","","Xuân hè 2026","0","XANH","FREESIZE","Raw Silk","ÁO ĐƯỢC LÀM TỪ CHẤT LIỆU COTTON THÔ LỤA KẾT HỢP VỚI BẢN REN TRẮNG , TẠO NÊN MỘT SẢN PHẨM VỪA NỮ TÍNH VỪA SANG CHẢNH , KẾT HỢP ĐƯỢC VỚI NHIỀU ITEMS . BỀ MẶT VẢI KẺ TRENDY , MỀM MỊN RẤT THÍCH HỢP CHO CHỊ EM VĂN PHÒNG
Cấu tạo: ĐÓNG CÚC TRƯỚC
Độ co giãn: KHÔNG CO GIÃN
Kết cấu: 1 LỚP","","","","","","","","","","","","","","","","","","","","","","","","","","20%",""
"","MR0AC6109","06/08/2026","Áo dài tay","HẾT HÀNG","","Pamira","490.000","","","","Xuân hè 2026","0","KEM","S,M","Soft floral chiffon fabric","Thiết kế Pamira mang đến vẻ đẹp ngọt ngào và mộc mạc với chất liệu thô xước hoa nhí nhẹ tênh, thoáng mát, là người bạn đồng hành lý tưởng cho những ngày nắng đẹp. Những họa tiết hoa nhí xinh xắn kết hợp cùng bề mặt vải xước tự nhiên tạo nên điểm nhấn tinh tế, giúp nàng tôn lên nét nữ tính, trẻ trung mà vẫn vô cùng thoải mái trong mọi chuyển động. Với form dáng ôm nhẹ tôn đường cong cùng chi tiết cổ vuông cổ điển, Pamira không chỉ là lựa chọn hoàn hảo cho những chuyến du lịch biển mà còn giúp nàng chiếm trọn tâm điểm trong các buổi hẹn hò trà chiều sang chảnh
Cấu tạo: CHUI ĐẦU
Độ co giãn: KHÔNG CO GIÃN
Kết cấu: 1 LỚP","","","","","","","","","","","","","","","","","","","","","","","","","","20%",""
"","MR0AC6113","06/08/2026","Áo cộc tay","HẾT HÀNG","","Piela","690.000","","","","Xuân hè 2026","","TRẮNG","FREESIZE","Piela","Đánh thức vẻ đẹp nàng thơ với thiết kế Piela đầy tinh khôi, nơi chất liệu boil ren cao cấp được thêu dệt tỉ mỉ để mang đến sự mềm mại và thoáng mát tuyệt đối cho làn da. Với form dáng bay bổng kết hợp giữa nét cổ điển của ren và tinh thần hiện đại, set đồ này chính là lựa chọn hoàn hảo cho những buổi trà chiều hay dạo phố cuối tuần, giúp nàng toát lên vẻ thanh lịch khó cưỡng trong từng chuyển động. Hãy để Piela đồng hành cùng nàng ghi lại những khoảnh khắc ngọt ngào nhất bằng cách nhắn tin cho chúng mình sở hữu ngay siêu phẩm này nhé
Cấu tạo: CHUI ĐẦU
Độ co giãn: KHÔNG CO GIÃN
Kết cấu: 1 LỚP","","","","","","","","","","","","","","","","","","","","","","","","","","20%",""
"","MR0SQ6116","06/08/2026","Set quần","HẾT HÀNG","","Ponira","790.000","","","","Xuân hè 2026","0","TIÊU, TRẮNG","S,M","Raw Silk","SET QUẦN DÀI ĐŨI SƯỚC KẾT HỢP ÁO LỆCH VAI CÁCH ĐIỆU DÚM VAI DÚM EO ,CHẤT LIỆU CÓ THẤM HÚT MỒ HÔI ,BỀ MẶT VẢI MỊN ĐƯỢC DỆT TỪ NHỮNG SỢI BÔNG SIÊU NHỎ TẠO CẢM GIÁC DÊ CHỊU
Cấu tạo: CHUI ĐẦU
Độ co giãn: KHÔNG CO GIÃN
Kết cấu: 2 LỚP","","","","","","","","","","","","","","","","","","","","","","","","","","20%",""
"","MG0AD6118","06/08/2026","Áo dài tay","Không nhận sx 1c","","Primy","750.000","","","","Xuân hè 2026","1","KEM","FZ","REN Corded Lace","","","","","","","","","","","","","","","","","","","","","","","","","","","20%",""
"","MG0SV6119","06/08/2026","Set váy","HẾT HÀNG","","Prova","1.050.000","","","","Xuân hè 2026","0","KEM","s, m","Cloud Knit,Silk Chiffon","Kết cấu: 2 LỚP","","","","","","","","","","","","","","","","","","","","","","","","","","20%",""
"","MR0VS6128","06/08/2026","Váy xoè","HẾT HÀNG","","Trinae","890.000","","","","Xuân hè 2026","0","TRẮNG KEM","FREE SIZE","Silk Voile, VOAN TƠ PHỐI REN","Kết cấu: 2 LỚP","","","","","","","","","","","","","","","","","","","","","","","","","","20%",""
"","MR0VX6135","06/08/2026","Váy xoè","HẾT HÀNG","","Tracya","750.000","","","","Xuân hè 2026","0","KEM, HỒNG CAM","FS","VOAN TƠ, VOAN ĐŨI","Kết cấu: 2 LỚP","","","","","","","","","","","","","","","","","","","","","","","","","","20%",""
"","MR0SQ6138","06/08/2026","Set quần","HẾT HÀNG","","Trilae","1.350.000","","","","Xuân hè 2026","0","XANH","S,M","Embroidered chiffon, VOAN REN THÊU","Kết cấu: QUẦN 2 LỚP","","","","","","","","","","","","","","","","","","","","","","","","","","20%",""
"","MR0SQ6142","06/08/2026","Set quần","HẾT HÀNG","","Trimae","1.190.000","","","","Xuân hè 2026","0","BE","FS","ĐŨI LINEN","Kết cấu: 2 LÓP","","","","","","","","","","","","","","","","","","","","","","","","","","20%",""
"","MR0SV6149","06/08/2026","Set váy","HẾT HÀNG","","Triya","1.390.000","","","","Xuân hè 2026","0","KEM","S, M","3D chiffon fabric","Kết cấu: 2 LỚP","","","","","","","","","","","","","","","","","","","","","","","","","","20%",""
"","MR0SV6152","06/08/2026","Set váy","HẾT HÀNG","","Trisca","1.290.000","","","","Xuân hè 2026","0","XANH, KEM","S,M","Lightweight denim","Kết cấu: 2 LÓP","","","","","","","","","","","","","","","","","","","","","","","","","","20%",""
"","MR0VX6153","06/08/2026","Váy xoè","Không nhận sx 1c","","Trisya","950.000","","","","Xuân hè 2026","0","BE, XANH GHI","S,M","Jersey fabric,Silk blend fabric","Kết cấu: 3 LÓP","","","","","","","","","","","","","","","","","","","","","","","","","","20%",""
"","MR0AD6154","06/08/2026","Áo dài tay","Không nhận sx 1c","","Trilys","650.000","","","","Xuân hè 2026","0","KEM, XANH","FS","Heavy chiffon","Kết cấu: 1 LỚP","","","","","","","","","","","","","","","","","","","","","","","","","","20%",""
"","MR0SQ6158","06/08/2026","Set quần","HẾT HÀNG","","Trilene","1.250.000","","","","Xuân hè 2026","0","KEM","S,M","Printed kate fabric","Kết cấu: 1 LỚP","","","","","","","","","","","","","","","","","","","","","","","","","","20%",""
"","MR0SV6159","06/08/2026","Set váy","Không nhận sx 1c","","Trinex","1.280.000","","","","Xuân hè 2026","0","XANH BE","S.M","Striped chiffon blend","Kết cấu: CV 2 LỚP","","","","","","","","","","","","","","","","","","","","","","","","","","20%",""
"","MR0SQ6178","06/08/2026","Set quần","HẾT HÀNG","","Faustine","1.050.000","","","","Xuân hè 2026","0","NÂUHỒNG","S,M","Crinkle chiffon","","","","","","","","","","","","","","","","","","","","","","","","","","","20%",""
"","MR0VX6184","06/08/2026","Váy xoè","HẾT HÀNG","","Fara","980.000","","","","Xuân hè 2026","0","XANH","S,M","Rough Kate","","","","","","","","","","","","","","","","","","","","","","","","","","","20%",""
"","MR0SV6183","06/08/2026","Set váy","HẾT HÀNG","","Fantine","990.000","","","","Xuân hè 2026","0","BE","S,M","Silk Voile","","","","","","","","","","","","","","","","","","","","","","","","","","","20%",""
"","MR0VX6192","06/08/2026","Váy xoè","HẾT HÀNG","","Fiorael","2.100.000","","","","Xuân hè 2026","0","KEM","S,M,L","organza fabric","Kết cấu: VÁY 2 LỚP","","","","","","","","","","","","","","","","","","","","","","","","","","20%",""
"","MR0VX6217","06/08/2026","Váy xoè","Không nhận sx 1c","","Clarina","1.390.000","","","","Xuân hè 2026","0","","","","","","","","","","","","","","","","","","","","","","","","","","","","","","20%",""
"","MG0SV6030","06/08/2026","Set váy","Không nhận sx 1c","","Orianae","950.000","","","","Xuân hè 2026","1","KEM","S,M","Vải visco, REN THÊU HOA NHÍ CAO CẤP TẠO PHOM THỜI TRANG NÊN SẼ TẠO CẢM GIÁC HƠI THÔ 1 CHÚT DO HIỆU ỨNG THÊU NHIỀU HOA TRÊN BỀ MẶT VẢI","Kết cấu: 2 LỚP","","","","","","","","","","","","","","","","","","","","","","","","","","20%",""
"","MR0AC6075","06/08/2026","Áo dài tay","Không nhận sx 1c","","Olvina","850.000","","","","Xuân hè 2026","0","XANH NHẠT","FREESIZE","Kate Mỹ, áo thô dài tay phối cổ ren và các đường dây ren sắc nét 
hàng thấm hút mồ hôi nhẹ , chất mỏng nhẹ mát tay , mầu xanh dễ mặc không quá kén da","","","","","","","","","","","","","","","","","","","","","","","","","","","20%",""
"","MR0SV6041","06/08/2026","Set váy","HẾT HÀNG","","Trima","1.450.000","","","","Xuân hè 2026","0","VÀNG","FS","Silk Chiffon, VOAN DẬP LY","Kết cấu: CV 2 LÓP","","","","","","","","","","","","","","","","","","","","","","","","","","20%",""
"","MR0VX6139","06/08/2026","Váy xoè","HẾT HÀNG","","Trissa","980.000","","","","Xuân hè 2026","0","NÂU","S,M","Silk Cotton Fabric, VOAN THÔ MỀM","Kết cấu: 2 LỚP","","","","","","","","","","","","","","","","","","","","","","","","","","20%",""
"","MG0VX6067","06/08/2026","Váy xoè","HẾT HÀNG","","Priva","950.000","","","","Xuân hè 2026","0","HỒNG","S,M","Scratched chiffon, Thiết kế Priva mang đến vẻ ngoài đầy lôi cuốn và bay bổng nhờ chất liệu Scratched chiffon (voan xước) cao cấp, với hiệu ứng bề mặt độc đáo tạo nên chiều sâu tinh tế cho trang phục. Với form dáng suông tầng xòe nhẹ kết hợp cùng tông màu hồng cam ngọt ngào, Priva không chỉ nâng niu làn da bằng sự mỏng nhẹ, thoáng mát mà còn giúp nàng toát lên nét dịu dàng, thanh thoát như một nàng thơ. Đây chính là người bạn đồng hành hoàn hảo cho những buổi dạo phố hay chuyến du lịch rực nắng, mang lại sự tự tin và thoải mái tuyệt đối trong từng bước chân","Kết cấu: 2 LỚP","","","","","","","","","","","","","","","","","","","","","","","","","","20%",""
"","MG0AD6063","09/08/2026","Áo dài tay","Không nhận sx 1c","","Pola","650.000","","","","Xuân hè 2026","0","XANH","Free size","Raw Silk","Kết cấu: 1 lớp","","","","","","","","","","","","","","","","","","","","","","","","","","20%",""
"","MR0VX6211","06/08/2026","Váy xoè","HẾT HÀNG","","Felorae","1.680.000","","","","Xuân hè 2026","0","BECAM","S,M,L","raw silk","","","","","","","","","","","","","","","","","","","","","","","","","","","20%",""
"","MR0VX6203","06/08/2026","Váy xoè","HẾT HÀNG","","Faraé","1.560.000","","","","Xuân hè 2026","0","KEM","S,M,L","raw silk","","","","","","","","","","","","","","","","","","","","","","","","","","","20%",""
"","MR0VX6195","06/08/2026","Váy xoè","Không nhận sx 1c","","Fariné","1.760.000","","","","Xuân hè 2026","0","BE","S,M,L","raw silk","","","","","","","","","","","","","","","","","","","","","","","","","","","20%",""
"","MG0SV6073","06/08/2026","Set váy","Không nhận sx 1c","","Prisca","1.290.000","","","","Xuân hè 2026","0","HỒNG KEM","FREE SIZE ","Len Alpaca , Double Faced chiffon, ÁO LEN TĂM , CHÂN VÁY VOAN LỤA","Kết cấu: ÁO 1 LỚP , CHÂN VÁY 2 LỚP","","","","","","","","","","","","","","","","","","","","","","","","","","20%",""
"","MR0VX6201","06/08/2026","Váy xoè","Không nhận sx 1c","","Felinea","1.980.000","","","","Xuân hè 2026","0","HỒNG","S,M,L","raw silk","","","","","","","","","","","","","","","","","","","","","","","","","","","20%",""
"","MR0VX6204","06/08/2026","Váy xoè","Không nhận sx 1c","","Farin","2.580.000","","","","Xuân hè 2026","0","HỒNG CAM","S,M,L","raw silk","","","","","","","","","","","","","","","","","","","","","","","","","","","20%",""
"","MR0VX6230","06/08/2026","Váy xoè","HẾT HÀNG","","Corinne","1.190.000","","","","Xuân hè 2026","0","VÀNG, XANH","S,M","raw silk","","","","","","","","","","","","","","","","","","","","","","","","","","","20%",""
"","MR0VX6237","06/08/2026","Váy xoè","HẾT HÀNG","","Celiae","1.290.000","","","","Xuân hè 2026","0","XANH","S,M","flowy floral-print chiffon","","","","","","","","","","","","","","","","","","","","","","","","","","","20%",""
"","MR0AC6108","06/08/2026","Áo cộc tay","Không nhận sx 1c","","Pamel","450.000","","","","Xuân hè 2026","0","XANH, TRẮNG, VÀNG, HỒNG","FREESIZE","Cotton Pima","Áo Pamel mang đến sự thoải mái tuyệt đối cho ngày dài năng động nhờ chất liệu Cotton 100% tự nhiên, mềm mại và thấm hút mồ hôi cực tốt. Với thiết kế cổ tròn trẻ trung kết hợp cùng các chi tiết thêu gấu nhỏ xinh xắn, chiếc áo là sự hòa quyện hoàn hảo giữa nét đơn giản và sự ngọt ngào, giúp nàng dễ dàng phối cùng chân váy hay quần jeans để có một diện mạo đầy sức sống. Đây chắc chắn là item ""quốc dân"" không thể thiếu trong tủ đồ hằng ngày, vừa bền bỉ, an toàn cho làn da lại vừa giữ trọn phong cách trẻ trung cho người mặc
Kết cấu: 1 LỚP","","","","","","","","","","","","","","","","","","","","","","","","","","20%",""
"","MR0VS6121","06/08/2026","Váy suông","HẾT HÀNG","","Trivellex","800.000","","","","Xuân hè 2026","0","XANH, KEM","FZ","mesh lace,Silk Chiffon","Kết cấu: 2 LỚP","","","","","","","","","","","","","","","","","","","","","","","","","","20%",""
"","MR0VX6122","06/08/2026","Váy xoè","Không nhận sx 1c","","Pysia","990.000","","","","Xuân hè 2026","0","HỒNG CAM","S, M","Crinkle Chiffon","Kết cấu: 2 LỚP","","","","","","","","","","","","","","","","","","","","","","","","","","20%",""
"","MR0VX6123","06/08/2026","Váy xoè","HẾT HÀNG","","Pylin","790.000","","","","Xuân hè 2026","0","XANH, KEM","FS","Silk Voile, VOAN TƠ","Kết cấu: 2 LÓP","","","","","","","","","","","","","","","","","","","","","","","","","","20%",""
"","MR0SQ6040","06/08/2026","Set quần","Không nhận sx 1c","","Trise","1.250.000","","","","Xuân hè 2026","0","ĐEN, KEM","S,M","Crinkle Chiffon, VOAN ÓNG MÂY","Kết cấu: QUẦN 2 LỚP","","","","","","","","","","","","","","","","","","","","","","","","","","20%",""
"","MR0AC6147","06/08/2026","Áo cộc tay","Không nhận sx 1c","","Trionu","690.000","","","","Xuân hè 2026","0","ĐEN, ĐỎ","S,M","Crinkle Chiffon","Kết cấu: 2 LỚP","","","","","","","","","","","","","","","","","","","","","","","","","","20%",""
"","MR0VX6148","06/08/2026","Váy xoè","Không nhận sx 1c","","Tristino","990.000","","","","Xuân hè 2026","0","ĐEN XÁM, BE","S,M","Jersey fabric,Silk blend fabric","Kết cấu: 2 LỚP","","","","","","","","","","","","","","","","","","","","","","","","","","20%",""
"","MR0VX6150","06/08/2026","Váy xoè","HẾT HÀNG","","Trilyn","950.000","","","","Xuân hè 2026","0","XANH","S,M","Jersey fabric,Silk blend fabric","Kết cấu: 3 LỚP","","","","","","","","","","","","","","","","","","","","","","","","","","20%",""
"","MR0AH6208","06/08/2026","Áo hai dây, Áo cụp ngực/ cosxe","HẾT HÀNG","","Fioraéa","750.000","","","","Xuân hè 2026","0","XANH GHI, KEM","FREESIZE","VOAN","Độ co giãn: raw silk
Kết cấu: 1 LỚP","","","","","","","","","","","","","","","","","","","","","","","","","","20%",""
"","MRKVX6032","06/08/2026","Váy ôm","Không nhận sx 1c","TOP HOÀN CAO","Mona","850.000","","","","Xuân hè 2026","50","ĐỎ","S,M,L","Taffta Silk crepe","Váy ôm, 2 lớp, khóa sau, SIZE S M L,
dài váy s=79cm,m=80cm.l=81cm
Độ co giãn: không co giãn","","","","","","","","","","","","","","","","","","","","","","","","","","20%",""
"","MGOAC6011","06/08/2026","Áo cộc tay","Không nhận sx 1c","","Maris","295.000","","","","Xuân hè 2026","147","TRẮNG","S,M,L","Cotton Pima","Áo thun in hình (s-m-l)
""áo phông cotton 80% co giãn nhẹ nhàng thấm hút mồ hôi
Độ co giãn: co giãn nhẹ","","","","","","","","","","","","","","","","","","","","","","","","","","20%",""
"","MRKVX6031","06/08/2026","Váy xoè","Không nhận sx 1c","","Margo","950.000","","","","Xuân hè 2026","0","KEM","S,M,L","Pearl chiffon","Váy liền, cv xòe 2 lớp
kéo khóa sau SIZE S M L
Độ co giãn: không co giãn","","","","","","","","","","","","","","","","","","","","","","","","","","20%",""
"","MRKVO6059","06/08/2026","Váy ôm","Không cần cọc","","Myda","1.190.000","","","","Xuân hè 2026","6","HỒNG","S,M,L","Chiffon with Lurex","VÁY KHÔNG CÓ MÚT NGỰC, VÁY 2 LỚP, KHÓA SƯỜN
Độ co giãn: không co giãn","","","","","","","","","","","","","","","","","","","","","","","","","","20%",""
"","MRVAC6043","06/08/2026","Áo cộc tay","Không nhận sx 1c","","Meline","390.000","","","","Xuân hè 2026","1","TRẮNG","S,M,L","Cotton Pima","Áo thun in hình (s-m-l)
""áo phông cotton 80% co giãn nhẹ nhàng thấm hút mồ hôi
Độ co giãn: co giãn nhẹ","","","","","","","","","","","","","","","","","","","","","","","","","","20%",""
"","MGOAC6015","06/08/2026","Áo cộc tay","Không nhận sx 1c","","Maris","295.000","","","","Xuân hè 2026","0","TRẮNG","S,M,L","Cotton Pima","ÁO KHÔNG CÓ MÚT NGỰC, 1 LỚP CHUI ĐẦU
Độ co giãn: co giãn nhẹ","","","","","","","","","","","","","","","","","","","","","","","","","","20%",""
"","MRKSQ6017","09/08/2026","Set quần","Không nhận sx 1c","","Mireva","1.200.000","","","","Xuân hè 2026","62","HỒNG, XANH NHẠT","S,M,L","Double Faced chiffon","KHOÁ SƯỜN
Độ co giãn: KO CO GIÃN","Áo bra","","","","","","","","","","","","","","","","","","","","","","","","","20%",""
"","MGKVX6010","06/08/2026","Váy xoè","Không nhận sx 1c","","Meridian","1.190.000","","","","Xuân hè 2026","42","NÂU","S,M,L","Chiffon with Lurex","Đầm liền 2 lớp , kéo khoá sườn
Độ co giãn: KO CO GIÃN","","","mới","","Diễn viên Cù Thị Trà","","","","","","","","","","","","","","","","","","","","","20%",""
"","MG0SQ6016","06/08/2026","Set quần","Không nhận sx 1c","","Mirelle","790.000","","","","Xuân hè 2026","0","KEM","S,M,L","Vải visco","Set áo tay cộc tay + 
quần cạp chun 2 lóp 
size S , M 
DÀI ÁO 60 CM 
DÀI QUẦN 35 CM
Độ co giãn: KO CO GIÃN","","","","","","","","","","","","","","","","","","","","","","","","","","20%",""
"","MG0AC6017","06/08/2026","Áo cộc tay","HẾT HÀNG","","Maelis ","390.000","","","","Xuân hè 2026","0","ĐỎ, TIÊU, KEM, ĐEN","FREESIZE","Len Merino","KHOÁ CỔ
Độ co giãn: CO GIÃN NHIỀU","","","","","","","","","","","","","","","","","","","","","","","","","","20%",""
"","MG0AC6018","06/08/2026","Áo cộc tay","HẾT HÀNG","","Meliora","390.000","","","","Xuân hè 2026","","GHI","FREESIZE","Len Merino","không khóa
Độ co giãn: CO GIÃN NHIỀU","","","","","","","","","","","","","","","","","","","","","","","","","","20%",""
"","MR0AC6047","06/08/2026","Áo cộc tay","Không nhận sx 1c","","Mavessa","390.000","","","","Xuân hè 2026","0","ĐEN, ĐỎ, HỒNG, NÂU ( màu nâu đã hết hàng ko nhận sx1c )","FREESIZE","Len Merino","ÁO KHÔNG CÓ MÚT NGỰC, 1 LỚP CHUI ĐẦU
Độ co giãn: CO GIÃN NHIỀU","","","","","","","","","","","","","","","","","","","","","","","","","","20%",""
"","MRKSQ6035","06/08/2026","Set quần","Không cần cọc","","Miretta","950.000","","","","Xuân hè 2026","29","KEM, HỒNG","S,M,L","Swiss dot chiffon","ÁO KHÔNG CÓ MÚT NGỰC, ÁO CÀI CÚC SAU, 
ÁO 2 LỚP, QUẦN 2 LỚP CẠP CHU\N
Độ co giãn: ko co giãn","","","mới","","Diễn viên Cù Thị Trà","","","","","","","","","","","","","","","","","","","","","20%",""
"","MG0SV6023","06/08/2026","Set váy","Không nhận sx 1c","","Myvi","1.350.000","","","","Xuân hè 2026","0","XANH NHẠT","S,M,L","Tussah Silk","CHÂN VÁY CẠP CHUN, VÁY 2 LỚP, CÓ DÂY BUỘC CỔ
Độ co giãn: ko co giãn","","","","","","","","","","","","","","","","","","","","","","","","","","20%",""
"","MG0SQ6026","06/08/2026","Set quần","Không nhận sx 1c","","Mironne","990.000","","","","Xuân hè 2026","18","XANH NHẠT, HỒNG","S,M","Tussah Silk","ÁO KHÔNG CÓ MÚT NGỰC, QUẦN 2 LỚP CẠP CHUN, ÁO LƯNG THUN
Độ co giãn: ko co giãn","","","","","","","","","","","","","","","","","","","","","","","","","","20%",""
"","MGKAD6027","06/08/2026","Áo dài tay","Không nhận sx 1c","","Molissea","690.000","","","","Xuân hè 2026","0","TRẮNG","S","SILK CHIFON","KHOÁ VAI+ KHOÁ ÁO
Độ co giãn: ko co giãn","","","","","","","","","","","","","","","","","","","","","","","","","","20%",""
"","MG0SQ6028","06/08/2026","Set quần","Không nhận sx 1c","","Mirielle","750.000","","","","Xuân hè 2026","0","TRẮNG","S,M,L","Ren Boil Thêu","QUẦN CẠP CHUN
Độ co giãn: ko co giãn","","","","","","","","","","","","","","","","","","","","","","","","","","20%",""
"","MG0VX6034","06/08/2026","Váy xoè","Không nhận sx 1c","","Yelora","850.000","","","","Xuân hè 2026","0","TRẮNG","S,M,L","Kate Mỹ","KHOÁ SAU
Độ co giãn: ko co giãn","","","","","","","","","","","","","","","","","","","","","","","","","","20%",""
"","MGKSQ6031","06/08/2026","Set quần","Không nhận sx 1c","","Yelissea","990.000","","","","Xuân hè 2026","0","ĐEN, KEM, NÂU BE","FREESIZE","Tussah Silk","ÁO KHÔNG CÓ MÚT NGỰC, ÁO VÀ QUẦN 2 LỚP, QUẦN CẠP CHUN
Độ co giãn: ko co giãn","","","","","","","","","","","","","","","","","","","","","","","","","","20%",""
"","MR0VX6060","06/08/2026","Váy xoè","Không nhận sx 1c","","Yelvia","1.200.000","","","","Xuân hè 2026","0","KEM","S,M","Misa foam elastic","Không khóa , chui đầu , lưng có chỉ chun co giãn
Độ co giãn: ko co giãn","","","","","","","","","","","","","","","","","","","","","","","","","","20%",""
"","MG0VX6036","06/08/2026","Váy xoè","Không nhận sx 1c","","Yelorae","1.150.000","","","","Xuân hè 2026","0","KEM","S,M","Misa foam elastic","Không khóa , chui đầu , chất thun xốp co giãn
Độ co giãn: ko co giãn","","","","","","","","","","","","","","","","","","","","","","","","","","20%",""
"","MG0VX6041","06/08/2026","Váy xoè","Không nhận sx 1c","","Lysielle","890.000","","","","Xuân hè 2026","0","XANH","S,M","Rough Soft Kate cao cấp","CHUN NGANG EO , KHÔNG KHOÁ
Độ co giãn: KHÔng co giãn","","","","","","","","","","","","","","","","","","","","","","","","","","20%",""
"","MG0VS6044","06/08/2026","Váy suông","Không cần cọc","","Orinae","1.190.000","","","","Xuân hè 2026","0","VÀNG, TRẮNG","S,M","Lumpy silk","VÁY KHÔNG CÓ MÚT NGỰC, VÁY 2 LỚP CHUI ĐẦU
Độ co giãn: KHÔng co giãn","","","","","","","","","","","","","","","","","","","","","","","","","","20%",""
"","MG0AD6045","06/08/2026","Áo dài tay","Không cần cọc","","Orissa","790.000","","","","Xuân hè 2026","0","XANH","S,M,L","Kate Mỹ","KHÔNG CÓ KHOÁ
Độ co giãn: KHÔng co giãn","","","","","","","","","","","","","","","","","","","","","","","","","","20%",""
"","MR0CV6068","06/08/2026","Chân váy","Không nhận sx 1c","","Ovelle","650.000","","","","Xuân hè 2026","0","XANH GHI, HỒNG, KEM","S,M","Lụa satin","CẠP CHUN
Độ co giãn: KHÔng co giãn","","","","","","","","","","","","","","","","","","","","","","","","","","20%",""
"","MR0SQ6073","06/08/2026","Set quần","Không nhận sx 1c","","Olviera","850.000","","","","Xuân hè 2026","0","BE","S,M","Vải tencel – lyocell","KHÔNG CÓ KHOÁ
Độ co giãn: KHÔng co giãn","","","","","","","","","","","","","","","","","","","","","","","","","","20%",""
"","MG0SV6055","06/08/2026","Set váy","Không nhận sx 1c","","Orlina","1.350.000","","","","Xuân hè 2026","0","Piera","S,M,L","voan rayon","KHÔNG CÓ KHOÁ
Độ co giãn: KHÔng co giãn","","","","","","","","","","","","","","","","","","","","","","","","","","20%",""
"","MG0SV6058","06/08/2026","Set váy","Không nhận sx 1c","","Orvessa","1.390.000","","","","Xuân hè 2026","2","KEM","FREESIZE","Len Cashmere","Áo chui đầu , Cv cạp chun
Độ co giãn: CO GIÃN NHẸ","","","","","","","","","","","","","","","","","","","","","","","","","","20%",""
"","MR0VS6078","06/08/2026","Váy suông","Không nhận sx 1c","","Orvoria","1.590.000","","","","Xuân hè 2026","18","KEM, XÁM ĐẬM","S,M","Len Mohair","Không khóa , chui đầu
Độ co giãn: CÓ CO GIÃN","","","","","","","","","","","","","","","","","","","","","","","","","","20%",""
"","MG0SV6059","06/08/2026","Set váy","Không nhận sx 1c","","Ovielle","990.000","","","","Xuân hè 2026","0","TRẮNG","S,M","Cotton boil thêu cao cấp","Áo chui đầu , chân váy cạp chun
Độ co giãn: KHÔNG CO GIÃN","","","","","","","","","","","","","","","","","","","","","","","","","","20%",""
"","MR0AC6106","06/08/2026","Áo cộc tay","Không nhận sx 1c","","Prina","390.000","","","","Xuân hè 2026","0","TRẮNG, KEM, XANH, HỒNG","FREESIZE","Cotton Pima","CHUI ĐẦU
Độ co giãn: CO GIÃN 4 CHIỀU","","","","","","","","","","","","","","","","","","","","","","","","","","20%",""
"","MG0SV6074","06/08/2026","Set váy","Không nhận sx 1c","","Palia","1.250.000","","","","Xuân hè 2026","31","TRẮNG","S,M","COTTON BOIL","ÁO ĐÓNG CÚC TRƯỚC , CHÂN VÁY KHOÁ SƯỜN
Độ co giãn: KHÔNG CO GIÃN","","","","","","","","","","","","","","","","","","","","","","","","","","20%",""
"","MG0VX6075","06/08/2026","Váy xoè","HẾT HÀNG","","Parin","1.100.000","","","","Xuân hè 2026","0","NÂU BE","S,M","Soft textured chiffon","CHUI ĐẦU
Độ co giãn: KHÔNG CO GIÃN
( Phần lưng có co giãn do chạy chun )","","","","","","","","","","","","","","","","","","","","","","","","","","20%",""
"","MR0SQ6110","06/08/2026","Set quần","Không nhận sx 1c","","Parisa","1.390.000","","","","Xuân hè 2026","0","TRẮNG","S M ","Linen Lace","ÁO CHUI ĐẦU 
QUẦN CẠP CHUN
Độ co giãn: KHÔNG CO GIÃN","","","","","","","","","","","","","","","","","","","","","","","","","","20%",""
"","MG0SQ6077","06/08/2026","Set quần","HẾT HÀNG","","Patria","1.250.000","","","","Xuân hè 2026","0","TRẮNG, NÂU","S,M","Linen Lace","ÁO CHUI ĐẦU
Độ co giãn: KHÔNG CO GIÃN","","","","","","","","","","","","","","","","","","","","","","","","","","20%",""
"","MG0VS6111","06/08/2026","Váy suông","Không nhận sx 1c","","Pavly","1.100.000","","","","Xuân hè 2026","3","KEM, NÂU","S,M ","Linen Lace","CHUI ĐẦU
Độ co giãn: KHÔNG CO GIÃN","","","","","","","","","","","","","","","","","","","","","","","","","","20%",""
"","MR0VX6112","06/08/2026","Váy xoè","Không nhận sx 1c","","Payla","950.000","","","","Xuân hè 2026","0","KEM","FREESIZE","Eyelet","KHÓA LƯNG
Độ co giãn: KHÔNG CO GIÃN","","","","","","","","","","","","","","","","","","","","","","","","","","20%",""
"","MG0AD6112","06/08/2026","Áo dài tay","Không nhận sx 1c","","Piera","990.000","","","","Xuân hè 2026","1","KEM","S,M","Floral lace","CHUI ĐẦU
Độ co giãn: KHÔNG CO GIÃN","","","","","","","","","","","","","","","","","","","","","","","","","","20%",""
"","MG0AD6113","06/08/2026","Áo dài tay","Không nhận sx 1c","","Pinae","950.000","","","","Xuân hè 2026","0","KEM","FREESIZE","Raw silk","CHUI ĐẦU , ĐÓNG CÚC TRƯỚC
Độ co giãn: KHÔNG CO GIÃN","","","","","","","","","","","","","","","","","","","","","","","","","","20%",""
"","MR0SQ6114","06/08/2026","Set quần","Không cần cọc","","Plena","990.000","","","","Xuân hè 2026","1","HỒNG, XANH, VÀNG","S,M","Rough silk stripes","""ÁO ĐÓNG CÚC TRƯỚC
QUẦN CẠP CHUN.
CÓ ĐỆM NGỰC""
Độ co giãn: KHÔNG CO GIÃN","","","","","","","","","","","","","","","","","","","","","","","","","","20%",""
"","MR0AH6115","06/08/2026","Áo hai dây, Áo cụp ngực/ cosxe","Không nhận sx 1c","","Plora","750.000","","","","Xuân hè 2026","0","XANH ĐẬM, XANH NHẠT","FREESIZE","Rough silk stripes cao cấp","ÁO CHUI ĐẦU, 2 LỚP KHÔNG CÓ MÚT NGỰC
Độ co giãn: KHÔNG CO GIÃN","","","","","","","","","","","","","","","","","","","","","","","","","","20%",""
"","MG0SQ6115","06/08/2026","Set quần","Không nhận sx 1c","","Polina","1.350.000","","","","Xuân hè 2026","5","TRẮNG","S,M ","Rough silk stripes","ÁO CHUI ĐẦU, QUẦN CẠP CHUN. ÁO 1 LỚP. QUẦN 2 LỚP
Độ co giãn: KHÔNG CO GIÃN","","","","","","","","","","","","","","","","","","","","","","","","","","20%",""
"","MGVVX6076","06/08/2026","Váy xoè","Không nhận sx 1c","","Pora","850.000","","","","Xuân hè 2026","3","TRẮNG","S,M ","kate boil","KHÓA LƯNG, 2 LỚP
Độ co giãn: KHÔNG CO GIÃN","","","","","","","","","","","","","","","","","","","","","","","","","","20%",""
"","MG0VS6121","06/08/2026","Váy xoè","Không nhận sx 1c","","Pryne","1.250.000","","","","Xuân hè 2026","1","VÀNG, HỒNG, ĐỎ, LƯU Ý : KHÔNG NHẬN SX 1C MẦU ĐỎ","S,M ","Raw Silk","VÁY 2 DÂY,KO KHÓA","","","","","","","","","","","","","","","","","","","","","","","","","","20%",""
"","MR0SV6126","06/08/2026","Set váy","Không nhận sx 1c","","Trina","1.290.000","","","","Xuân hè 2026","0","VÀNG","S,M ","Silk Voile","Set váy 2 dây kèm áo khoác buộc dây
VOAN TƠ","","","","","","","","","","","","","","","","","","","","","","","","","","20%",""
"","MR0SV6129","06/08/2026","Set váy","Không nhận sx 1c","","Trisa","1.090.000","","","","Xuân hè 2026","0","NÂU, KEM","S,M","Crinkle Chiffon","SET ÁO +CV TƠ XỐP","","","","","","","","","","","","","","","","","","","","","","","","","","20%",""
"","MR0VS6132","06/08/2026","Váy suông","Không nhận sx 1c","","Triva","650.000","","","","Xuân hè 2026","0","KEM","FREESIZE","mesh lace,Silk Chiffon","VÁY LIỀN
REN LƯỚI +VOAN","","","","","","","","","","","","","","","","","","","","","","","","","","20%",""
"","MGKSQ6031","06/08/2026","Set quần","Không nhận sx 1c","","Fioraé","990.000","","","","Xuân hè 2026","0","KEM","FREESIZE","ĐŨI LINEN","ÁO KHÔNG CÓ ĐỆM NGỰC , ÁO VÀ QUẦN 2 LỚP, QUẦN CẠP CHUN","","","","","","","","","","","","","","","","","","","","","","","","","","20%",""
"","MR0SV6144","06/08/2026","Set váy","Không nhận sx 1c","","Trisue","1.250.000","","","","Xuân hè 2026","0","NÂU","FREESIZE","Silk Chiffon","SET ÁO + CHÂN VÁY 
VOAN CÁT MỎNG NHẸ BAY BAY","","","","","","","","","","","","","","","","","","","","","","","","","","20%",""
"","MR0AC6153","06/08/2026","Áo cộc tay","HẾT HÀNG","","Triena","490.000","","","","Xuân hè 2026","0","NÂU","S,M","Swiss dot chiffon","ÁO 2 LỚP, CHUI ĐẦU
Độ co giãn: KO CO GIÃN","","","","","","","","","","","","","","","","","","","","","","","","","","20%",""
"","MR0VO6156","06/08/2026","Váy ôm","Không nhận sx 1c","","Trilena","1.150.000","","","","Xuân hè 2026","0","VÀNG, XANH","S,M","Chiffon blend fabric","KHÓA SƯỜN, VÁY 2 LÓP
Độ co giãn: KO CO GIÃN","","","","","","","","","","","","","","","","","","","","","","","","","","20%",""
"","MR0AD6161","06/08/2026","Áo dài tay","HẾT HÀNG","","Trinor","1.190.000","","","","Xuân hè 2026","0","XANH","FREE SIZE","Striped chiffon blend","ÁO SƠ MI+ KÈM ÁO REN
Độ co giãn: KO CO GIÃN","","","","","","","","","","","","","","","","","","","","","","","","","","20%",""
"","MR0SQ6162","06/08/2026","Set quần","HẾT HÀNG","","Trinova","1.190.000","","","","Xuân hè 2026","0","TRẮNG KEM","FREE SIZE","ĐŨI LINEN","ÁO+QUẦN,CHUI ĐẦU
Độ co giãn: KO CO GIÃN","","","","","","","","","","","","","","","","","","","","","","","","","","20%",""
"","MR0SV6160","06/08/2026","Set váy","HẾT HÀNG","","Trinelle","1.190.000","","","","Xuân hè 2026","0","KEM","S,M","Lace mix Japanese silky fabric","SET ÁO+ CHÂN VÁY,CHUI ĐẦU
Độ co giãn: KO CO GIÃN","","","","","","","","","","","","","","","","","","","","","","","","","","20%",""
"","MR0VX6164","06/08/2026","Váy xoè","Không nhận sx 1c","","Trivon","890.000","","","","Xuân hè 2026","0","XANH GHI","S,M","Jersey fabric,Silk blend fabric","VÁY LIỀN,CHUI ĐẦU, 2 LỚP
Độ co giãn: KO CO GIÃN","","","","","","","","","","","","","","","","","","","","","","","","","","20%",""
"","MR0AH6165","06/08/2026","Áo hai dây, Áo cụp ngực/ cosxe","HẾT HÀNG","","Trivina","590.000","","","","Xuân hè 2026","0","NÂU RÊU","FREE SIZE","Silk blend fabric","2 LỚP, CHUI ĐÀU
Độ co giãn: KO CO GIÃN","","","","","","","","","","","","","","","","","","","","","","","","","","20%",""
"","MR0SQ6166","06/08/2026","Set quần","HẾT HÀNG","","Trivya","1.190.000","","","","Xuân hè 2026","0","XANH","FREE SIZE","slub linen","SET ÁO 2 DÂY + QUẦN DÀI CẠP CHUN
Độ co giãn: KO CO GIÃN","","","","","","","","","","","","","","","","","","","","","","","","","","20%",""
"","MR0VS6167","06/08/2026","Váy suông","HẾT HÀNG","","Trivellea","990.000","","","","Xuân hè 2026","0","KEM","FREE SIZE","Silk Chiffon","VÁY SUÔNG XẾP LY,
 ĐÓNG CÚC CỔ SAU
Độ co giãn: KO CO GIÃN","","","","","","","","","","","","","","","","","","","","","","","","","","20%",""
"","MR0VX6168","06/08/2026","Váy xoè","Không nhận sx 1c","","Trivana","990.000","","","","Xuân hè 2026","0","KEM","S,M","Floral lace","VÁY 2 LỚP CHUI ĐẦU
Độ co giãn: KO CO GIÃN","","","","","","","","","","","","","","","","","","","","","","","","","","20%",""
"","MR0VX6171","06/08/2026","Váy xoè","HẾT HÀNG","","Trivora","990.000","","","","Xuân hè 2026","0","TRẮNG","S,M","Floral lace","VÁY 2 LỚP CHUI ĐẦU
Độ co giãn: KO CO GIÃN","","","","","","","","","","","","","","","","","","","","","","","","","","20%",""
"","MR0VX6169","06/08/2026","Váy xoè","HẾT HÀNG","","Trivinae","1.250.000","","","","Xuân hè 2026","0","BE","S,M","Crinkle Chiffon","VÁY 2 LỚP , KHÓA SƯỜN
Độ co giãn: KO CO GIÃN","","","","","","","","","","","","","","","","","","","","","","","","","","20%",""
"","MR0VX6172","06/08/2026","Váy xoè","HẾT HÀNG","","Felyaé","990.000","","","","Xuân hè 2026","0","XANH","S,M","striped cotton with bow prin","VÁY 2 LỚP CHUN LƯNG
Độ co giãn: KO CO GIÃN","","","","","","","","","","","","","","","","","","","","","","","","","","20%",""
"","MR0SQ6174","06/08/2026","Set quần","Không nhận sx 1c","","Florine","990.000","","","","Xuân hè 2026","0","TRẮNG KEM, BE","FREE SIZE","ĐŨI LINEN","CHUI ĐẦU
Độ co giãn: KO CO GIÃN","","","","","","","","","","","","","","","","","","","","","","","","","","20%",""
"","MR0SV6175","06/08/2026","Set váy","Không nhận sx 1c","","Flora","980.000","","","","Xuân hè 2026","0","TRẮNG","FREE SIZE","mesh lace,Silk Chiffon","ÁO +VÁY LIỀN KÈM DÂY BUỘC, CHUI ĐẦU 2 LỚP
Độ co giãn: KO CO GIÃN","","","","","","","","","","","","","","","","","","","","","","","","","","20%",""
"","MR0SV6176","06/08/2026","Set váy","HẾT HÀNG","","Flavie","1.280.000","","","","Xuân hè 2026","0","KEM","S,M","embroidered floral chiffon fabric","ĐÓNG CÚC
Độ co giãn: KO CO GIÃN","","","","","","","","","","","","","","","","","","","","","","","","","","20%",""
"","MR0SV6177","06/08/2026","Set váy","Không cần cọc","","Flavia","990.000","","","","Xuân hè 2026","0","HỒNG","S,M","ightweight airy chiffon","CẠP CHUN
Độ co giãn: KHÔNG","","","","","","","","","","","","","","","","","","","","","","","","","","20%",""
"","MGKVX6044","06/08/2026","Váy xoè","Không nhận sx 1c","","Féline","1.190.000","","","","Xuân hè 2026","55","VÀNG, HỒNG TÍM","FREESIZE","flowy crinkled chiffon fabric","CHUI ĐẦU
Độ co giãn: KHÔNG","","","","","","","","","","","","","","","","","","","","","","","","","","20%",""
"","MR0SV6180","06/08/2026","Set váy","HẾT HÀNG","","Fabienne","990.000","","","","Xuân hè 2026","0","XANH","FREESIZE","Soft silk chiffon","CHUI ĐẦU
Độ co giãn: KHÔNG","","","","","","","","","","","","","","","","","","","","","","","","","","20%",""
"","MR0AH6181","06/08/2026","Áo hai dây, Áo cụp ngực/ cosxe","HẾT HÀNG","","Fabiola","690.000","","","","Xuân hè 2026","0","CỐM, KEM","S,M","Silk Voile","CHUI ĐẦU
Độ co giãn: KHÔNG","","","","","","","","","","","","","","","","","","","","","","","","","","20%",""
"","MR0VX6182","06/08/2026","Váy xoè","HẾT HÀNG","","Fabia","1.190.000","","","","Xuân hè 2026","0","XANH","S,M","Crinkle Chiffon","CHUI ĐẦU
Độ co giãn: KHÔNG","","","","","","","","","","","","","","","","","","","","","","","","","","20%",""
"","MR0VS6185","06/08/2026","Váy suông","Không nhận sx 1c","","Fania","1.090.000","","","","Xuân hè 2026","0","KEM","FREESIZE","embroidered floral chiffon fabric","VÁY KHÔNG CÓ MÚT NGỰC, VÁY 2 LỚP, CHUI ĐẦU
Độ co giãn: KHÔNG","","","","","","","","","","","","","","","","","","","","","","","","","","20%",""
"","MR0VX6186","06/08/2026","Váy xoè","HẾT HÀNG","","Fiora ","1.290.000","","","","Xuân hè 2026","0","BECAM","S,M","Soft silk chiffon","VÁY XÒE","","","","","","","","","","","","","","","","","","","","","","","","","","20%",""
"","MR0VX6187","06/08/2026","Váy xoè","HẾT HÀNG","","Faye ","750.000","","","","Xuân hè 2026","0","KEM, XANH","FREESIZE","embroidered floral chiffon fabric","VÁY LIỀN KÈM ĐAI","","","","","","","","","","","","","","","","","","","","","","","","","","20%",""
"","MR0SV6189","06/08/2026","Set váy","Không nhận sx 1c","","Feline","1.190.000","","","","Xuân hè 2026","0","KEM","S,M","textured linen","ÁO KHÔNG CÓ MÚT NGỰC, ÁO 1 LỚP, CHÂN VÁY 2 LỚP,
 ÁO CHUI ĐẦU, CHÂN VÁY CẠP CHUN
Độ co giãn: KHÔNG CO GIÃN","","","","","","","","","","","","","","","","","","","","","","","","","","20%",""
"","MR0AD6191","06/08/2026","Áo dài tay","HẾT HÀNG","","Fiona","990.000","","","","Xuân hè 2026","0","TRẮNG","FREESIZE","Silk Voile","Độ co giãn: KHÔNG CO GIÃN","","","","","","","","","","","","","","","","","","","","","","","","","","20%",""
"","MR0VX6193","06/08/2026","Váy xoè","HẾT HÀNG","","Fioraelle","1.650.000","","","","Xuân hè 2026","0","KEM NÂU","S,M,L","organza fabric","KÉO KHOÁ LƯNG
Độ co giãn: KHÔNG CO GIÃN","","","","","","","","","","","","","","","","","","","","","","","","","","20%",""
"","MR0AD6194","06/08/2026","Áo dài tay","Không nhận sx 1c","","Fioraine","900.000","","","","Xuân hè 2026","0","ĐỎ, KEM","FREESIZE","silk satin","ÁO KHÔNG CÓ MÚT NGỰC, ÁO 1 LỚP,CÀI CÚC THÂN SAU ÁO
Độ co giãn: KHÔNG CO GIÃN","","","","","","","","","","","","","","","","","","","","","","","","","","20%",""
"","MR0SV6207","06/08/2026","Set váy","Không nhận sx 1c","","Fioraia","3.090.000","","","","Xuân hè 2026","0","NÂU","S,M,L","raw silk","VÁY KHÔNG CÓ ĐỆM NGỰC, ÁO CÓ CHUN LƯNG ÁO , KHOÁ LƯNG 
CHÂN VÁY KÉO KHOÁ , ÁO VÀ CHÂN VÁY 2 LỚP
Độ co giãn: KHÔNG CO GIÃN","","","","","","","","","","","","","","","","","","","","","","","","","","20%",""
"","MR0VX6206","06/08/2026","Váy xoè","Không nhận sx 1c","","Fioraen","1.560.000","","","","Xuân hè 2026","0","BE","S,M,L","raw silk","VÁY KHÔNG CÓ MÚT NGỰC, VÁY 2 LỚP, CHUN LƯNG VÀ KHÓA SAU
Độ co giãn: KHÔNG CO GIÃN","","","","","","","","","","","","","","","","","","","","","","","","","","20%",""
"","MR0VX6210","06/08/2026","Váy xoè","Không nhận sx 1c","","Faria","2.100.000","","","","Xuân hè 2026","0","BE NÂU","S,M,L","raw silk","VÁY KHÔNG CÓ MÚT NGỰC, VÁY 2 LỚP, CHUN LƯNG VÀ KHÓA SAU
Độ co giãn: KHÔNG CO GIÃN","","","","","","","","","","","","","","","","","","","","","","","","","","20%",""
"","MR0VX6196","06/08/2026","Váy xoè","HẾT HÀNG","","Fariae","2.100.000","","","","Xuân hè 2026","0","XANH","S,M,L","raw silk","VÁY KHÔNG CÓ MÚT NGỰC, VÁY 2 LỚP, CHUN LƯNG VÀ KHÓA SAU
Độ co giãn: KHÔNG CO GIÃN","","","","","","","","","","","","","","","","","","","","","","","","","","20%",""
"","MR0VX6213","06/08/2026","Váy xoè","HẾT HÀNG","","Farine ","2.670.000","","","","Xuân hè 2026","0","KEM","S,M,L","raw silk","Độ co giãn: KHÔNG CO GIÃN","","","","","","","","","","","","","","","","","","","","","","","","","","20%",""
"","MR0VX6200","06/08/2026","Váy xoè","HẾT HÀNG","","Farahs","1.610.000","","","","Xuân hè 2026","0","BE","S,M,L","Silk Chiffon","Độ co giãn: KHÔNG CO GIÃN","","","","","","","","","","","","","","","","","","","","","","","","","","20%",""
"","MR0VX6197","06/08/2026","Váy xoè","Không nhận sx 1c","","Farinel","1.610.000","","","","Xuân hè 2026","0","BELOANG","S,M,L","Silk Chiffon","VÁY KHÔNG CÓ ĐỆM NGỰC, 2 LỚP, CHUI ĐẦU
Độ co giãn: KHÔNG CO GIÃN","","","","","","","","","","","","","","","","","","","","","","","","","","20%",""
"","MR0VX6198","06/08/2026","Váy xoè","HẾT HÀNG","","Farinelle","2.640.000","","","","Xuân hè 2026","0","CAM","S,M,L","raw silk","Độ co giãn: KHÔNG CO GIÃN","","","","","","","","","","","","","","","","","","","","","","","","","","20%",""
"","MR0VX6199","06/08/2026","Váy xoè","Không nhận sx 1c","","Farinia","2.640.000","","","","Xuân hè 2026","0","XANH","S,M,L","raw silk","VÁY KHÔNG CÓ MÚT NGỰC, VÁY 2 LỚP, CHUN LƯNG VÀ KHÓA SAU
Độ co giãn: KHÔNG CO GIÃN","","","","","","","","","","","","","","","","","","","","","","","","","","20%",""
"","MR0VX6202","06/08/2026","Váy xoè","Không nhận sx 1c","","Felina","2.640.000","","","","Xuân hè 2026","0","XANH","S,M,L","raw silk","VÁY KHÔNG CÓ MÚT NGỰC, VÁY 2 LỚP, CHUN LƯNG VÀ KHÓA SAU
Độ co giãn: KHÔNG CO GIÃN","","","","","","","","","","","","","","","","","","","","","","","","","","20%",""
"","MR0VX6205","06/08/2026","Váy xoè","Không nhận sx 1c","","Felice","1.950.000","","","","Xuân hè 2026","0","BE","S,M,L","raw silk","VÁY KHÔNG CÓ MÚT NGỰC, VÁY 2 LỚP, CHUN LƯNG VÀ KHÓA SAU
Độ co giãn: KHÔNG CO GIÃN","","","","","","","","","","","","","","","","","","","","","","","","","","20%",""
"","MR0SV6209","06/08/2026","Set váy","Không nhận sx 1c","","Felora","1.890.000","","","","Xuân hè 2026","0","HỒNG CAM","S,M,L","raw silk","ÁO KHÔNG CÓ MÚT NGỰC, ÁO 1 LỚP KÈM ÁO TRONG, CHÂN VÁY 2 LỚP, ÁO CHUI ĐẦU, CHÂN VẤY KHÓA SAU
Độ co giãn: KHÔng co giãn","","","","","","","","","","","","","","","","","","","","","","","","","","20%",""
"","MR0VX6212","06/08/2026","Váy xoè","HẾT HÀNG","","Felya","2.670.000","","","","Xuân hè 2026","0","HỒNG CAM","S,M,L","raw silk","ĐÓNG CÚC
Độ co giãn: KHÔng co giãn","","","","","","","","","","","","","","","","","","","","","","","","","","20%",""
"","MR0VX6214","06/08/2026","Váy xoè","HẾT HÀNG","","Felyne","1.380.000","","","","Xuân hè 2026","0","KEM","S,M,L","Silk Chiffon","CHUI ĐẦU
Độ co giãn: KHÔng co giãn","","","","","","","","","","","","","","","","","","","","","","","","","","20%",""
"","MR0VX6215","06/08/2026","Váy xoè","Không nhận sx 1c","","Felyra","2.640.000","","","","Xuân hè 2026","0","XANH","S,M,L","raw silk","VÁY KHÔNG CÓ MÚT NGỰC, VÁY 2 LỚP, CHUN LƯNG VÀ KHÓA SAU
Độ co giãn: KHÔng co giãn","","","","","","","","","","","","","","","","","","","","","","","","","","20%",""
"","MR0SV6218","06/08/2026","Set váy","HẾT HÀNG","","Claras","1.350.000","","","","Xuân hè 2026","0","KEM","S,M","raw silk","CHUI ĐẦU
Độ co giãn: KHÔng co giãn","","","","","","","","","","","","","","","","","","","","","","","","","","20%",""
"","MGKAD6045","06/08/2026","Áo dài tay","Không nhận sx 1c","","Claires","790.000","","","","Xuân hè 2026","157","XANH","FREESIZE","Kate Mỹ","KHÔNG CÓ KHOÁ
Độ co giãn: KHÔng co giãn","","","","","","","","","","","","","","","","","","","","","","","","","","20%",""
"","MR0SV6219","06/08/2026","Set váy","Không nhận sx 1c","","Cora","1.550.000","","","","Xuân hè 2026","0","HỒNG, XANH","S,M","embroidered linen","CHUI ĐẦU
Độ co giãn: KHÔng co giãn","","","","","","","","","","","","","","","","","","","","","","","","","","20%",""
"","MR0SQ6228","06/08/2026","Set quần","HẾT HÀNG","","Camille","1.550.000","","","","Xuân hè 2026","0","XANH","FREESIZE","raw silk","ĐÓNG CÚC
Độ co giãn: KHÔng co giãn","","","","","","","","","","","","","","","","","","","","","","","","","","20%",""
"","MR0VX6220","06/08/2026","Váy xoè","Không nhận sx 1c","","Celia","690.000","","","","Xuân hè 2026","0","BE","S,M","raw silk","VÁY 2 DÂY KHÔNG CÓ MÚT NGỰC, CHUI ĐẦU, CÓ QUẦN BẢO HỘ
Độ co giãn: KHÔng co giãn","","","","","","","","","","","","","","","","","","","","","","","","","","20%",""
"","MR0SV6221","06/08/2026","Set váy","Không nhận sx 1c","","Celinea","1.850.000","","","","Xuân hè 2026","0","BE","S,M","mesh lace,Silk Chiffon","\ÁO ĐÓNG CÚC, ÁO VÀ CHÂN VÁY 2 LỚP, ÁO KHÔNG CÓ MÚT NGỰC
Độ co giãn: KHÔng co giãn","","","","","","","","","","","","","","","","","","","","","","","","","","20%",""
"","MR0SV6222","06/08/2026","Set váy","HẾT HÀNG","","Clarise","1.650.000","","","","Xuân hè 2026","0","HỒNG","S,M","Embroidered Lace","CHUI ĐẦU
Độ co giãn: KHÔng co giãn","","","","","","","","","","","","","","","","","","","","","","","","","","20%",""
"Không thấy ảnh","MR0SQ6223","06/08/2026","Set quần","HẾT HÀNG","","Clarisa","990.000","","","","Xuân hè 2026","0","CAM","S,M","raw silk","Độ co giãn: KHÔng co giãn","","","","","","","","","","","","","","","","","","","","","","","","","","20%",""
"","MRKSQ6091","06/08/2026","Set quần","Không nhận sx 1c","","Clarine","950.000","","","","Xuân hè 2026","1","KEM, HỒNG TÍM, HỒNG NHẠT","S,M","flowy crinkled chiffon fabric","ÁO KHÔNG CÓ ĐỆM NGỰC, 2 LỚP, CHUI ĐẦU, QUẦN CẠP CHUN
Độ co giãn: KHÔng co giãn","","","","","","","","","","","","","","","","","","","","","","","","","","20%",""
"","MRKSV6300","06/08/2026","Set váy","Không nhận sx 1c","","Clarinae","1.350.000","","","","Xuân hè 2026","0","HỒNG, XANH, XÁM","S,M","raw silk","ÁO KHÔNG CÓ ĐỆM NGỰC, 2 LỚP, ÁO CÀI CÚC SAU, CHÂN VÁY CẠP CHUN
Độ co giãn: KHÔng co giãn","","","","","","","","","","","","","","","","","","","","","","","","","","20%",""
"","MRKSQ6303","06/08/2026","Set quần","Không nhận sx 1c","","Claris","590.000","","","","Xuân hè 2026","2","HỒNG","S,M","Rough silk stripes","CHUI ĐẦU
Độ co giãn: KHÔng co giãn","","","","","","","","","","","","","","","","","","","","","","","","","","20%",""
"","MGKSQ6072","06/08/2026","Set quần","Không nhận sx 1c","","Corae","990.000","","","","Xuân hè 2026","23","XANH","S,M","ĐŨI LINEN","ÁO KHÔNG CÓ ĐỆM NGỰC, ÁO 2 LỚP, QUẦN 2 LỚP, QUẦN CẠP CHUN
Độ co giãn: KHÔng co giãn","","","","","","","","","","","","","","","","","","","","","","","","","","20%",""
"","MRKAD6054","06/08/2026","Áo dài tay","HẾT HÀNG","","Coralie","690.000","","","","Xuân hè 2026","","HỒNG, XANH","S,M","Double Faced chiffon","CHUI ĐẦU
Độ co giãn: KHÔng co giãn","","","","","","","","","","","","","","","","","","","","","","","","","","20%",""
"","MGKVS6069","06/08/2026","Váy suông","Không nhận sx 1c","","Coraline","1.390.000","","","","Xuân hè 2026","0","XANH","FREE SIZE","flowy crinkled chiffon fabric","CHUI ĐẦU
Độ co giãn: KHÔng co giãn","","","","","","","","","","","","","","","","","","","","","","","","","","20%",""
"","MRKSQ6301","09/08/2026","Set quần","Không nhận sx 1c","","Corine","950.000","","","","Xuân hè 2026","5","XÁM, ĐEN, HỒNG","S,M","raw silk","ÁO KHÔNG CÓ ĐỆM NGỰC, 1 LỚP, CHUI ĐẦU, QUẦN CẠP CHUN
Độ co giãn: KHÔng co giãn","","","","Biển","","","","","","","","","","","","","","","","","","","","","","20%",""
"","MGKAH6068","06/08/2026","Áo hai dây, Áo cụp ngực/ cosxe","HẾT HÀNG","","Corisa","590.000","","","","Xuân hè 2026","0","KEM","S,M","raw silk","CHUI ĐẦU
Độ co giãn: KHÔng co giãn","","","","","","","","","","","","","","","","","","","","","","","","","","20%",""
"","MR0AH6231","06/08/2026","Áo hai dây, Áo cụp ngực/ cosxe","Không nhận sx 1c","","Corinaes","590.000","","","","Xuân hè 2026","0","KEM","S,M","lace","ÁO KHÔNG CÓ ĐỆM NGỰC, 1 LỚP, CHUI ĐẦU
Độ co giãn: CÓ CO GIÃN","","","","","","","","","","","","","","","","","","","","","","","","","","20%",""
"","PVSV513","06/08/2026","Set váy","Không cần cọc","","Coraliea","850.000","","","","Xuân hè 2026","83","KEM, HỒNG","S,M,L","Scuba fabric","ÁO KHÔNG CÓ MÚT NGỰC, 1 LỚP, QUẦN CẠP CHUN
Độ co giãn: CÓ CO GIÃN","","","","","","","","","","","","","","","","","","","","","","","","","","20%",""
"","PRSQ5402","06/08/2026","Set quần","Không cần cọc","","Corise","","","","","Thu đông 2026","371","","S, M, L","Twill knit fabric","ÁO KHÔNG CÓ MÚT NGỰC, 1 LỚP, QUẦN CẠP CHUN
Độ co giãn: CÓ CO GIÃN","","","","","","","","","","","","","","","","","","","","","","","","","","20%",""
"","MRKSQ6304","06/08/2026","Set quần","Không nhận sx 1c","","Camy","980.000","","","","Xuân hè 2026","0","XANH","S,M","slub linen","ÁO KHÔNG CÓ MÚT NGỰC , QUẦN CẠP CHUN 2 LỚP
Độ co giãn: KHÔNG CO GIÃN","","","","","","","","","","","","","","","","","","","","","","","","","","20%",""
"","MRKVX6306","06/08/2026","Váy xoè","Không nhận sx 1c","","Camia","850.000","","","","Xuân hè 2026","0","KEM","S,M","flowy crinkled chiffon fabric","VÁY KHÔNG CÓ MÚT NGỰC, VÁY 2 LỚP , CHUI ĐÀU
Độ co giãn: KHÔNG CO GIÃN","","","","","","","","","","","","","","","","","","","","","","","","","","20%",""
"","MRKSQ6114","06/08/2026","Set quần","Không nhận sx 1c","","Celinee","990.000","","","","Xuân hè 2026","18","HỒNG, XANH, VÀNG, NÂU","S,M","Rough silk stripes","SÉT ÁO 3 CHI TIẾT , ÁO BRA BÊN TRONG CÓ MÚT NGỰC , CÓ CHUN CO GIÃN , CÓ TĂNG GIẢM ,ÁO SƠ MI DÀI TAY ĐÓNG CÚC , QUẦN DÀI CẠP CHUN CÓ LÓT QUẦN TRONG
Độ co giãn: KHÔNG CO GIÃN","","","","Biển","","","","","","","","","","","","","","","","","","","","","","20%",""
"","MRKSV6233","06/08/2026","Set váy","Không nhận sx 1c","","Celinas","1.290.000","","","","Xuân hè 2026","1","XANH","S,M","linen lace fabric","ÁO CÓ MÚT NGỰC, ÁO 1 LỚP,
 CHÂN VÁY 2 LỚP, ÁO CHUI ĐẦU, CHÂN VÁY CẠP CHUN
Độ co giãn: KHÔNG CO GIÃN","","","","Biển","","","","","","","","","","","","","","","","","","","","","","20%",""
"","MRKSV6232","06/08/2026","Set váy","Không nhận sx 1c","","Celinae","1.850.000","","","","Xuân hè 2026","0","HỒNG","S,M","glossy chiffon fabric","ÁO KHÔNG CÓ MÚT NGỰC,
 ÁO VÀ CHÂN VÁY 2 LỚP, CHÂN VÁY CẠP CHUN
Độ co giãn: KHÔNG CO GIÃN","","","","","","","","","","","","","","","","","","","","","","","","","","20%",""
"","MR0AC6234","06/08/2026","Áo cộc tay","Không nhận sx 1c","","Celie","600.000","","","","Xuân hè 2026","0","KEM","FREE SIZE","knit fabric","ÁO KHÔNG CÓ MÚT NGỰC, 
ÁO 1 DÂY BÊN NGOÀI VÀ ÁO CỘC BÊN TRONG, CHUI ĐẦU
Độ co giãn: CÓ CO GIÃN","","","","","","","","","","","","","","","","","","","","","","","","","","20%",""
"","MR0SQ6235","06/08/2026","Set quần","Không nhận sx 1c","","Celora","1.450.000","","","","Xuân hè 2026","0","HỒNG","S,M","crinkled silk fabric","ÁO KHÔNG CÓ MÚT NGỰC, ÁO 2 LỚP CHUI ĐÀU, 
QUẦN 2 LỚP CẠP CHUN
Độ co giãn: KHÔNG CO GIÃN","","","","","","","","","","","","","","","","","","","","","","","","","","20%",""
"","MR0VX6236","06/08/2026","Váy xoè","Không nhận sx 1c","","Celorae","1.290.000","","","","Xuân hè 2026","0","KEM XANH","S,M","linen lace fabric","VÁY KHÔNG CÓ MÚT NGỰC, 2 LỚP , KHÓA SAU CÓ CHUN LƯNG
Độ co giãn: KHÔNG CO GIÃN","","","","","","","","","","","","","","","","","","","","","","","","","","20%",""
"","MRKVX6069","07/08/2026","Váy xoè","Không nhận sx 1c","","Celya","1.250.000","","","","Xuân hè 2026","0","HỒNG","S,M","Crinkle Chiffon","VÁY KHÔNG CÓ MÚT NGỰC, 2 LỚP , CHUI ĐẦU
Độ co giãn: KHÔNG CO GIÃN","","","","Biển","","","","","","","","","","","","","","","","","","","","","","20%",""
"","MRKVX6305","07/08/2026","Váy xoè","Không cần cọc","","Celyne","950.000","","","665.000","Xuân hè 2026","55","TÍM, KEM","S,M,L","Crinkle Chiffon","VÁY KHÔNG CÓ MÚT NGỰC, 2 LỚP, CHUN EO , CÓ QUẦN BẢO HỘ 
TẶNG ÁO QUÂY KHÔNG DÂY
Độ co giãn: KHÔNG CO GIÃN","Quần bảo hộ
Áo Quây","","mới","Biển","","","","","","","","","","","","","","","","","","","","","","20%",""
"","MRKSV6238","06/08/2026","Set váy","Không nhận sx 1c","","Giselles","1.350.000","","","","Xuân hè 2026","0","KEM","S,M","Floral lace","ÁO KHÔNG CÓ MÚT NGỰC, ÁO 2 LỚP, KHÓA SAU
, CHÂN VÁY CẠP CHUN 2 LỚP
Độ co giãn: KHÔNG CO GIÃN","","","","","","","","","","","","","","","","","","","","","","","","","","20%",""
"","MGKVX6023","06/08/2026","Váy xoè","HẾT HÀNG","","Gianas","950.000","","","","Xuân hè 2026","0","KEM","S,M","Silk Chiffon","VÁY KHÔNG CÓ MÚT NGỰC 2 LỚP, KHÓA SƯỜN
Độ co giãn: KHÔNG CO GIÃN","","","","","","","","","","","","","","","","","","","","","","","","","","20%",""
"","MGKVX6310","06/08/2026","Váy xoè","Không cần cọc","","Giannal","890.000","","","","Xuân hè 2026","104","KEM, HỒNG","S,M,L","Silk Chiffon","VÁY KHÔNG CÓ MÚT NGỰC, 2 LỚP, CHUN EO 
CÓ KÈM QUẦN BẢO HỘ
Độ co giãn: KHÔNG CO GIÃN","Quần bảo hộ","","mới","Biển","","","","","","","","","","","","","","","","","","","","","","20%",""
"","MRKVX6201","06/08/2026","Váy xoè","Không nhận sx 1c","","Giavelle","1.290.000","","","","Xuân hè 2026","37","HỒNG, XANH LÁ","S,M","raw silk","VÁY 2 LỚP KHÓA SAU, KHÔNG CÓ MÚT NGỰC
Độ co giãn: KHÔNG CO GIÃN","","","","Biển","","","","","","","","","","","","","","","","","","","","","","20%",""
"","MRKSV6177","06/08/2026","Set váy","Không nhận sx 1c","","Giara","990.000","","","","Xuân hè 2026","19","HỒNG, XANH","S,M","Crinkle Chiffon","ÁO KHÔNG CÓ ĐỆM NGỰC, 2 LỚP, CHUN VAI,
 CHÂN VÁY CÓ LÓT QUẦN, CHUN EO
Độ co giãn: KHÔNG CO GIÃN","","","mới","Biển","","","","","","","","","","","","","","","","","","","","","","20%",""
"","MRKAH6115","06/08/2026","Áo cộc tay","Không nhận sx 1c","","Giavina","750.000","","","","Xuân hè 2026","3","XANH ĐẬM","FREESIZE","Rough silk stripes cao cấp","ÁO KHÔNG CÓ ĐỆM NGỰC, CHUI ĐẦU, 2 LỚP
Độ co giãn: KHÔNG CO GIÃN","","","","Biển","","","","","","","","","","","","","","","","","","","","","","20%",""
"","MGKSQ6309","06/08/2026","Set quần","Không cần cọc","","Givora","990.000","","","","Xuân hè 2026","114","ĐEN, NÂU VÀNG","S,M,L","Silk Chiffon","ÁO không có đệm ngực, 2 LỚP, áo có chun lưng, quần 2 lớp cạp chun
Độ co giãn: KHÔNG CO GIÃN","","","mới","Biển","","","","","","","","","","","","","","","","","","","","","","20%",""
"","MRKSQ6066","09/08/2026","Set quần","Không nhận sx 1c","","Celyra","1.450.000","","","","Xuân hè 2026","39","TRẮNG","S,M,L","Sand Chiffon","ÁO KHÔNG CÓ MÚT NGỰC,ÁO 1 LỚP ĐÓNG CÚC, 
ÁO CÓ DÂY TĂNG GIẢM, QUẦN KHÓA TRƯỚC 2 LỚP 
TẶNG KÈM ÁO QUÂY KHÔNG DÂY
Độ co giãn: ko co giãn","","","","","","","","","","","","","","","","","","","","","","","","","","20%",""
"","MRKSQ6310","06/08/2026","Set quần","Không nhận sx 1c","","Givana","950.000","","","","Xuân hè 2026","5","XANH, NÂU, HỒNG","S,M","raw silk","SET 3 MẢNH, ÁO DÀI TAY ĐÓNG CÚC, 
ÁO BRA CHUN LƯNG CÓ MÚT NGỰC, QUẦN 2 LỚP CẠP CHUN
Độ co giãn: ko co giãn","","","","Biển","","","","","","","","","","","","","","","","","","","","","","20%",""
"","MGKSQ6308","06/08/2026","Set quần","Không nhận sx 1c","","Gabrielles","1.190.000","","","","Xuân hè 2026","0","HỒNG","S,M","ĐŨI LINEN","ÁO không có đệm ngực, áo có chun lưng, quần 1 lớp cạp chun
Độ co giãn: ko co giãn","","","","Biển","","","","","","","","","","","","","","","","","","","","","","20%",""
"","MRKSV6055","06/08/2026","Set váy","Không nhận sx 1c","","Gabriella","1.150.000","","","","Xuân hè 2026","0","TÍM, XANH","S,M","raw silk","ÁO KHÔNG CÓ ĐỆM NGỰC, ÁO VÀ CHÂN VÁY 2 LỚP, 
ÁO KHÓA ĐỒNG SAU, CHÂN VÁY KHÓA SAU
Độ co giãn: ko co giãn","","","","","","","","","","","","","","","","","","","","","","","","","","20%",""
"","MRKVX6313","06/08/2026","Váy xoè","Không nhận sx 1c","","Gabelle","950.000","","","","Xuân hè 2026","0","KEM","S,M","raw silk","VÁY KHÔNG CÓ MÚT NGỰC, 2 LỚP, CHUI ĐẦU
Độ co giãn: ko co giãn","","","","Biển","","","","","","","","","","","","","","","","","","","","","","20%",""
"","MRKVX6204","06/08/2026","Váy xoè","Không nhận sx 1c","","Gavina","1.290.000","","","","Xuân hè 2026","0","XANH","S,M","raw silk","VÁY 2 LỚP KHÓA SAU, KHÔNG CÓ MÚT NGỰC
Độ co giãn: ko co giãn","","","","Biển","","","","","","","","","","","","","","","","","","","","","","20%",""
"","MRKVX6320","06/08/2026","Váy xoè","Không nhận sx 1c","","Gavelle","990.000","","","","Xuân hè 2026","0","KEM","S,M","raw silk","VÁY KHÔNG CÓ MÚT NGỰC, 2 LỚP, CHUI ĐẦU
Độ co giãn: ko co giãn","","","","Biển","","","","","","","","","","","","","","","","","","","","","","20%",""
"","MRKVX6210","06/08/2026","Váy xoè","Không nhận sx 1c","","Galina","1.350.000","","","","Xuân hè 2026","0","HỒNG CAM, NÂU LOANG","S,M","raw silk","VÁY 2 LỚP KHÓA SAU, KHÔNG CÓ MÚT NGỰC
Độ co giãn: ko co giãn","","","","Biển","","","","","","","","","","","","","","","","","","","","","","20%",""
"","MGKSV6024","06/08/2026","Set váy","Không nhận sx 1c","","Galisse","1.190.000","","","","Xuân hè 2026","3","XANH","S,M,L","raw silk","ÁO 2 LỚP KHÓA ĐỒNG SAU, CHÂN VÁY CẠP CHUN 2 LỚP, 
ÁO KHÔNG CÓ MÚT NGỰC
Độ co giãn: ko co giãn","","","mới","Biển","","","","","","","","","","","","","","","","","","","","","","20%",""
"","MRKVX6322","06/08/2026","Váy xoè","Không nhận sx 1c","","Galora","1.390.000","","","","Xuân hè 2026","0","KEM NÂU","S,M","raw silk","VÁY 2 LỚP KHÓA SAU, KHÔNG CÓ MÚT NGỰC
Độ co giãn: ko co giãn","","","","Biển","","","","","","","","","","","","","","","","","","","","","","20%",""
"","MRKVX6324","06/08/2026","Váy xoè","Không nhận sx 1c","","Galiene","1.350.000","","","","Xuân hè 2026","0","XANH","S,M","raw silk","VÁY 2 LỚP KHÓA SAU, KHÔNG CÓ MÚT NGỰC
Độ co giãn: ko co giãn","","","","Biển","","","","","","","","","","","","","","","","","","","","","","20%",""
"","MRKVX6323","06/08/2026","Váy xoè","Không nhận sx 1c","","Galessa","1.350.000","","","","Xuân hè 2026","0","NÂU","S,M","raw silk","VÁY 2 LỚP KHÓA SAU, KHÔNG CÓ MÚT NGỰC
Độ co giãn: ko co giãn","","","","Biển","","","","","","","","","","","","","","","","","","","","","","20%",""
"","MRKVX6311","09/08/2026","Váy xoè","Không cần cọc","","Geneva","750.000","","","","Xuân hè 2026","2","NÂU, KEM","S,M","CHIFFON","VÁY 2 LỚP , KHÓA SAU, DÂY ĐIỀU CHỈNH TRƯỚC NGỰC, 
KHÔNG CÓ MÚT NGỰC, KHÔNG KÈM QUẦN BẢO HỘ
Độ co giãn: ko co giãn","","","","Biển","","","","","","","","","","","","","","","","","","","","","","20%",""
"","MRKVX6312","06/08/2026","Váy xoè","Không cần cọc","","Genelle","950.000","","","","Xuân hè 2026","6","HỒNG TÍM","S,M","raw silk","VAÝ 2 DÂY, 2 LỚP, CHUN EO, CÓ KÈM QUẦN BẢO HỘ
Độ co giãn: ko co giãn","Quần bảo hộ","","","Biển","","","","","","","","","","","","","","","","","","","","","","20%",""
"","MRKVX6340","06/08/2026","Váy xoè","Không nhận sx 1c","","Genovia","1.650.000","","","","Xuân hè 2026","0","XANH","S,M","Silk Chiffon","VÁY 2 LỚP KHÓA SƯỜN, CÓ ĐỆM NGỰC
Độ co giãn: ko co giãn","","","","","","","","","","","","","","","","","","","","","","","","","","20%",""
"","MR0VX6342","06/08/2026","Váy xoè","Không nhận sx 1c","","Genisa","1.290.000","","","","Xuân hè 2026","0","KEM","S,M","Crinkle Chiffon","VÁY CHUI ĐẦU, 2 LỚP, 
CÓ KÈM QUẦN VÁY, KHÔNG CÓ MÚT NGỰC
Độ co giãn: ko co giãn","","","","","","","","","","","","","","","","","","","","","","","","","","20%",""
"","MR0SV6343","06/08/2026","Set váy","Không nhận sx 1c","","Genora","1.090.000","","","","Xuân hè 2026","0","KEMVÀNG","S,M","SATIN","ÁO VÀ CHÂN VÁY 1 LỚP, ÁO KHÓA SƯỜN,
 CHÂN VÁY KHÓA SAU, KHÔNG CÓ MÚT NGỰC
Độ co giãn: ko co giãn","","","","","","","","","","","","","","","","","","","","","","","","","","20%",""
"","MR0SV6344","06/08/2026","Set váy","Không nhận sx 1c","","Genive","950.000","","","","Xuân hè 2026","0","KEM","S,M","Silk Chiffon,
raw silk","ÁO 2 LỚP ĐÓNG CÚC CỔ SAU, CHÂNVÁY 2 LỚP KHÓA SAU, 
ÁO KHÔNG CÓ MÚT NGỰC
Độ co giãn: ko co giãn","","","","","","","","","","","","","","","","","","","","","","","","","","20%",""
"","MR0VX6345","06/08/2026","Váy xoè","Không cần cọc","","Genielle","890.000","","","","Xuân hè 2026","0","KEM","S,M","TAFFTA SATIN kết hợp Crinkle Chiffon","VÁY 2 LỚP, KHÓA SAU, KHÔNG CÓ MÚT NGỰC
Độ co giãn: ko co giãn","","","mới","","","","","","","","","","","","","","","","","","","","","","","20%",""
"","MR0VX6346","09/08/2026","Váy xoè","Không nhận sx 1c","","Genessa","950.000","","","","Xuân hè 2026","0","NÂU","S,M","Silk Chiffon","VÁY 2 LỚP BUỘC DÂY CỔ VÀ LƯNG, KHÓA SAU, VÁY KHÔNG CÓ MÚT NGỰC
Độ co giãn: ko co giãn","","","","Biển","","","","","","","","","","","","","","","","","","","","","","20%",""
"","MR0SV6347","06/08/2026","Set váy","Không nhận sx 1c","","Genia","1.100.000","","","","Xuân hè 2026","0","NÂU, VÀNG","S,M","Crinkle Chiffon","ÁO VÀ CHÂN VÁY 2 LỚP, CHÂN VÁY CÓ LÓT QUẦN, ÁO KHÔNG CÓ MÚT NGỰC.CHÂN VÁY CẠP CHUN
Độ co giãn: ko co giãn","","","","","","","","","","","","","","","","","","","","","","","","","","20%",""
"","MR0SV6348","06/08/2026","Set váy","HẾT HÀNG","","Genova","990.000","","","","Xuân hè 2026","0","NÂU BE, KEM","S,M","raw silk","ÁO VÀ CHÂN VÁY 2 LỚP, CHÂN VÁY CÓ LÓT QUẦN, ÁO KHÔNG CÓ MÚT NGỰC.CHÂN VÁY CẠP CHUN
Độ co giãn: ko co giãn","","","","","","","","","","","","","","","","","","","","","","","","","","20%",""
"","MR0VX6349","06/08/2026","Váy xoè","Không cần cọc","","Grace","850.000","","","","Xuân hè 2026","0","BE","S,M,L","ĐŨILINEN","VÁY 2 DÂY CÓ TĂNG GIẢ, VÁY 2 LỚP KHÓA SAU, 
VÁY KHÔNG CÓ MÚT NGỰC
Độ co giãn: ko co giãn","","","mới","Biển","","","","","","","","","","","","","","","","","","","","","","20%",""
"","MR0SV6350","06/08/2026","Set váy","Không nhận sx 1c","","Gracelle","990.000","","","","Xuân hè 2026","0","NÂU","S,M","Lace-overlay chiffon","ÁO VÀ CHÂN VÁY 2 LỚP, CHÂN VÁY CÓ LÓT QUẦN, ÁO KHÔNG CÓ MÚT NGỰC
Độ co giãn: ko co giãn","","","","","","","","","","","","","","","","","","","","","","","","","","20%",""
"","Mrkvx6330","06/08/2026","Váy xoè","Không nhận sx 1c","","Graciela","790.000","","","","Xuân hè 2026","0","XANH","S,M","Striped fabric","VÁY 2 LỚP CHUI ĐẦU, VÁY KHÔNG CÓ MÚT NGỰC
Độ co giãn: ko co giãn","","","","Biển","","","","","","","","","","","","","","","","","","","","","","20%",""
"","MRKSV6316","06/08/2026","Set váy","Không nhận sx 1c","","Gravina","990.000","","","","Xuân hè 2026","0","HỒNG","S,M","Jacquard fabric","SET VÁY 2 DÂY, ÁO 2 LỚP, CHÂN VÁY 2 LỚP,
 ÁO CHUI ĐẦU, CHÂN VÁY CẠP CHUN, ,
KHÔNG CÓ MÚT NGỰC
Độ co giãn: ko co giãn","","","","","","","","","","","","","","","","","","","","","","","","","","20%",""
"","MMAH560","06/08/2026","Áo hai dây, Áo cụp ngực/ cosxe","Không cần cọc","","Aitana,","250.000","","","","Xuân hè 2026","46","TRẮNG","S,M,L","Ren","áo 2 dây, có mút ngực, 2 lớp","","","","","","","","","","","","","","","","","","","","","","","","","","20%",""
"","MRKSV6314","06/08/2026","Set váy","Không nhận sx 1c","","Grazie","1.050.000","","","","Xuân hè 2026","2","KEM NÂU","S,M","Crinkle Chiffon
raw silk","ÁO 1 LỚP KHÓA ĐỒNG SAU , ÁO KHÔNG CÓ MÚT NGỰC, CHÂN VÁY 2 LỚP CẠP CHUN
Độ co giãn: ko co giãn","","","","Biển","","","","","","","","","","","","","","","","","","","","","","20%",""
"","MRKSQ6319","06/08/2026","Set quần","Không nhận sx 1c","","Gracielle","1.090.000","","","","Xuân hè 2026","0","BE, KEM, HỒNG","S,M","raw silk","ÁO 1 LỚP CHUI ĐẦU, QUẦN CẠP CHUN 2 LỚP, ÁO KHÔNG CÓ MÚT NGỰC
Độ co giãn: ko co giãn","","","","","","","","","","","","","","","","","","","","","","","","","","20%",""
"","MRKVX6351","06/08/2026","Váy xoè","Không nhận sx 1c","","Granova","1.050.000","","","","Xuân hè 2026","0","XANH, VÀNG","S,M","raw silk","váy 2 dây có tăng giảm, váy 2 lớp, không có mút ngực, chun eo, có kèm quần bảo hộ
Độ co giãn: ko co giãn","","","","","","","","","","","","","","","","","","","","","","","","","","20%",""
"","MRKSQ6317","09/08/2026","Set quần","Không nhận sx 1c","","Gravelle","950.000","","","","Xuân hè 2026","13","NÂU BE","S,M,L","Floral print linen","ÁO 2 LỚP CÀI CÚC CỔ SAU, QUẦN KHÓA TRƯỚC, QUẦN 2 LỚP, ÁO KHÔNG CÓ ĐỆM NGỰC
Độ co giãn: ko co giãn","","","","","","","","","","","","","","","","","","","","","","","","","","20%",""
"","MRKSQ6336","06/08/2026","Set quần","HẾT HÀNG","","Grae","950.000","","","","Xuân hè 2026","0","KEM","S,M","Crinkle Chiffon
raw silk","ÁO 2 DÂY CHUI ĐẦU 2 LỚP CÓ TĂNG GIẢM ĐIỀU CHỈNH, QUẦN 2 LỚP KHÓA SƯỜN,
 ÁO KHÔNG CÓ MÚT NGỰC
Độ co giãn: ko co giãn","","","","Biển","","","","","","","","","","","","","","","","","","","","","","20%",""
"","MR0VX6352","06/08/2026","Váy xoè","Không nhận sx 1c","","Gwens","980.000","","","","Xuân hè 2026","0","NÂUHỒNG, XANH","S,M","Stretch mesh fabric","VÁY 2 DÂY CHUI ĐẦU, VÁY 2 LỚP, CÓ ĐỆM NGỰC
Độ co giãn: ko co giãn","","","","Biển","","","","","","","","","","","","","","","","","","","","","","20%",""
"","MR0VX6353","09/08/2026","Váy xoè","Không nhận sx 1c","","Gwenaelle","1.350.000","","","","Xuân hè 2026","0","NÂU, ĐEN","S,M","Polka dot chiffon","VÁY 2 DÂY CÓ TĂNG GIẢM, 
KHÔNG CÓ MÚT NGỰC, VÁY 2 LỚP, KHÓA SAU
Độ co giãn: ko co giãn","","","","Biển","","","","","","","","","","","","","","","","","","","","","","20%",""
"","MR0AH6354","06/08/2026","Áo hai dây, Áo cụp ngực/ cosxe","Không nhận sx 1c","","Gwenora","750.000","","","","Xuân hè 2026","0","KEM, NÂU","S,M","raw silk","ÁO 2 LỚP, CÀI CÚC CỔ SAU, ÁO KHÔNG CÓ ĐỆM NGỰC
Độ co giãn: ko co giãn","","","","","","","","","","","","","","","","","","","","","","","","","","20%",""
"","MR0VX6355","06/08/2026","Váy xoè","Không nhận sx 1c","","Gwena","1.290.000","","","","Xuân hè 2026","0","HỒNG, VÀNG","S,M","Windbreaker Silk","VÁY 2 LỚP CHUI ĐẦU, RÚT EO, KHÔNG CÓ MÚT NGỰC
Độ co giãn: ko co giãn","","","","","","","","","","","","","","","","","","","","","","","","","","20%",""
"","MR0SV6356","06/08/2026","Set váy","Không nhận sx 1c","","Gwenisse","1.050.000","","","","Xuân hè 2026","0","KEM","S,M","Crinkle Chiffon","ÁO 2 DÂY CHUI ĐÀU 2 LỚP, CHÂN VÁY 2 LỚP CẠP CHUN,
 ÁO KHÔNG CÓ MÚT NGỰC
Độ co giãn: ko co giãn","","","","","","","","","","","","","","","","","","","","","","","","","","20%",""
"","MR0SV6357","06/08/2026","Set váy","Không nhận sx 1c","","Gwenelle","890.000","","","","Xuân hè 2026","0","KEM, HỒNG","S,M","Glossy silk","ÁO CHUI ĐẦU 1 LỚP, CHÂN VÁY 2 LỚP KHÓA SAU, 
ÁO KHÔNG CÓ MÚT NGỰC, 
KHÔNG CÓ LÓT QUẦN
Độ co giãn: ko co giãn","","","","","","","","","","","","","","","","","","","","","","","","","","20%",""
"","MR0SV6358","06/08/2026","Set váy","Không nhận sx 1c","","Gwenia","1.350.000","","","","Xuân hè 2026","0","XANH ĐẬM","S,M","Krorean Twill","áo 2 lớp khóa đồng sau,
 chân váy 2 lớp khóa sườn , áo không có mút ngực,
 CÓ LÓT QUẦN
Độ co giãn: ko co giãn","","","","","","","","","","","","","","","","","","","","","","","","","","20%",""
"","MRKSQ6228","06/08/2026","Set quần","Không nhận sx 1c","","Gwenorae","990.000","","","","Xuân hè 2026","0","XANH ĐẬM","S,M","Krorean Twill","ÁO 2 LỚP ĐÓNG CÚC, QUẦN CÓ TÚI CHÉO,
 KHÓA QUẦN TRƯỚC, KÈM DÂY ĐAI EO,
áo không có mút ngực
Độ co giãn: ko co giãn","","","","","","","","","","","","","","","","","","","","","","","","","","20%",""
"","MRKSV6359","06/08/2026","Set váy","Không nhận sx 1c","","Gweniva","1.540.000","","","","Xuân hè 2026","0","KEM, XANH","S,M","soft mesh
Crinkle Chiffon","ÁO 2 LỚP KHÓA SAU, CHÂN VÁY 2 LỚP CẠP CHUN, 
ÁO KHÔNG CÓ ĐỆM NGỰC
Độ co giãn: ko co giãn","","","","Biển","","","","","","","","","","","","","","","","","","","","","","20%",""
""," 
         
MRVVX6339","06/08/2026","Váy xoè","HẾT HÀNG","","Olira","1.350.000","","","","Xuân hè 2026","","HỒNG CAM, NÂU","S,M","raw Chiffon","VÁY 2 DÂY, 2 LỚP KHÔNG CÓ MÚT NGỰC,
 KHÓA SAU
Độ co giãn: KHÔNG","","","","Biển","","","","","","","","","","","","","","","","","","","","","","20%",""
"","MR0VX6360","06/08/2026","Set váy","HẾT HÀNG","","Orlinas","1.260.000","","","","Xuân hè 2026","0","XANH","S,M","raw silk","VÁY 2 LỚP, KHÓA ĐỒNG TRƯỚC,
 KHÔNG CÓ MÚT NGỰC
Độ co giãn: KHÔNG","","","","","","","","","","","","","","","","","","","","","","","","","","20%",""
"","MR0SV6361","06/08/2026","Set váy","Không nhận sx 1c","","Olyra","950.000","","","","Xuân hè 2026","0","KEM","S,M","raw Twill","VÁY 2 LỚP, ÁO CHUI ĐẦU, 
KHÔNG CÓ MÚT NGỰC
Độ co giãn: KHÔNG","","","","","","","","","","","","","","","","","","","","","","","","","","20%",""
"","MRKVX6331","06/08/2026","Váy xoè","Không nhận sx 1c","","Ovelles","1.190.000","","","","Xuân hè 2026","1","HỒNG, NÂU RÊU","S,M","REN HOA+Crinkle Chiffon","VÁY 2 LỚP, CHUN EO, CHUI ĐẦU, 
KHÔNG CÓ ĐỆM NGỰC
Độ co giãn: KHÔNG","","","","Biển","","","","","","","","","","","","","","","","","","","","","","20%",""
"","MRKVX6337","06/08/2026","Váy xoè","Không nhận sx 1c","","Orinal","1.050.000","","","","Xuân hè 2026","0","XANH XÁM","S,M","raw Chiffon","VÁY 2 LỚP , CHUN EO, KHÔNG CÓ MÚT NGỰC
Độ co giãn: KHÔNG","","","","Biển","","","","","","","","","","","","","","","","","","","","","","20%",""
"","MRKSV6362","06/08/2026","Set váy","Không nhận sx 1c","","Orelleew","1.350.000","","","","Xuân hè 2026","0","KEM, XANH","S,M","Slub Silk","ÁO 1 LỚP, ĐÓNG CÚC+ BUỘC DÂY,
 CHÂN VÁY CẠP CHUN 2 LỚP, ÁO KHÔNG CÓ ĐỆM NGỰC
Độ co giãn: KHÔNG","","","","","","","","","","","","","","","","","","","","","","","","","","20%",""
"","MRKVX6363","06/08/2026","Váy xoè","Không nhận sx 1c","","Olyne","1.150.000","","","","Xuân hè 2026","1","HỒNG, NÂU TÍM, KEM","S,M","Silk Noil","VÁY CHUN EO , 2 LỚP, CÀI CÚC CỔ SAU, 
KHÓA SAU, KÈM ĐAI, 
CHÂN VÁY CÓ LÓT QUẦN,
KHÔNG CÓ ĐỆM NGỰC
Độ co giãn: KHÔNG","","","","","","","","","","","","","","","","","","","","","","","","","","20%",""
"","MR0SV6064","06/08/2026","Set váy","Không nhận sx 1c","","Oviya","1.580.000","","","","Xuân hè 2026","0","NÂU","S,M","Crinkle Chiffon+TAFFTA SILK","SET 2 LỚP, CHÂN VÁY KHÓA SAU, ÁO 2 DÂY CHUI ĐẦU, KHÔNG CÓ MÚT NGỰC
Độ co giãn: KHÔNG","","","","","","","","","","","","","","","","","","","","","","","","","","20%",""
"","MR0SV6365","06/08/2026","Set váy","Không nhận sx 1c","","Olyssa","1.150.000","","","","Xuân hè 2026","0","KEM","S,M","Slub Cotton+Floral lace","SET VÁY 2 DÂY, ÁO 2 LỚP, CHÂN VÁY 2 LỚP,
 ÁO CHUI ĐẦU, CHÂN VÁY KHÓA SAU, CÓ KÈM HOA TRÀ,
KHÔNG CÓ MÚT NGỰC
Độ co giãn: KHÔNG","","","","","","","","","","","","","","","","","","","","","","","","","","20%",""
"","MMAC546","06/08/2026","Set váy","Không nhận sx 1c","","Haven","1.940.000","","","","Xuân hè 2026","25","XANH THAN","S, M, L, XL","SPANDEX DENIM","áo chui đầu, áo 1 lớp
Độ co giãn: CÓ CO DÃN NHẸ","","","","","","","","","","","","","","","","","","","","","","","","","","30%",""
"","MRAD5122","08/08/2026","Set quần","Không nhận sx 1c","","Samira","1.600.000","","","800.000","Xuân hè 2026","13","vàng chanh, xám","S, M, L, XL","Polyester chiffon","KHÓA TRƯỚC
Độ co giãn: KHÔNG CO DÃN","","","","","","","","","","","","","","","","","","","","","","","","","","50%",""
"","MRAK5176","06/08/2026","Set quần","Không nhận sx 1c","","Serenade","1.640.000","","","","Xuân hè 2026","2","XÁM","S, M, L","Polyester chiffon","KHÓA TRƯỚC
Độ co giãn: KO CO DÃN","","","","","","","","","","","","","","","","","","","","","","","","","","20%",""
"","MRAD5171","08/08/2026","Set quần","Không cần cọc","","
Camellia","1.640.000","","","820.000","Xuân hè 2026","0","XANH NHẠT","S, M, L","Polyester chiffon","KHÓA TRƯỚC.
TẶNG KÈM ÁO BRA
Độ co giãn: KO CO DÃN","Áo bra","","","","","","","","","","","","","","","","","","","","","","","","","50%",""
"","MRVS5190","08/08/2026","Set quần","Không nhận sx 1c","","The Flow Dress","2.240.000","","","1.120.000","Xuân hè 2026","395","TRẮNG, ĐEN, XÁM","S, M, L","Sheer chiffon","ĐÓNG CÚC TRƯỚC,TẶNG KÈM ÁO 2 DÂY BRA
Độ co giãn: KO CO DÃN","Áo bra","","","","","","","","","","","","","","","","","","","","","","","","","50%",""
"","MRGL5206","06/08/2026","Set quần","Không nhận sx 1c","","Vessence.","2.000.000","","","","Xuân hè 2026","30","XANH DƯƠNG","S, M, L","Camellia denim","KHÓA KÉO TRƯỚC
Độ co giãn: KO CO DÃN
Số đo: S=73,M=74;L=75","","","","","","","","","","","","","","","","","","","","","","","","","","20%",""
"","MRAD572","06/08/2026","Set quần","Không nhận sx 1c","","Talia","2.640.000","","","","Xuân hè 2025","5","NÂU XÁM","S, M, L, XL","Tencel fabric","Độ co giãn: KHÔNG CO DÃN","","","","","","","","","","","","","","","","","","","","","","","","","","20%",""
"","MMAD511","08/08/2026","Set váy","Không nhận sx 1c","","Aleena","1.840.000","","","","Xuân hè 2025","67","TRẮNG, XÁM","S, M, L, XL","Polyester chiffon","Độ co giãn: KHÔNG CO DÃN","","","","","","","","","","","","","","","","","","","","","","","","","","50%","MMCV512 "
"","MR0SV6366","06/08/2026","Set váy","Không nhận sx 1c","","Ovella","1.150.000","","","","Xuân hè 2026","0","NÂU","S,M","Silk Noil","áo đóng cúc, chân váy khóa sau, chân váy 2 lớp có lót quần
Độ co giãn: KHÔNG","","","","","","","","","","","","","","","","","","","","","","","","","","20%",""
"","MR0SV6367","06/08/2026","Set váy","HẾT HÀNG","","Oressaa","1.150.000","","","","Xuân hè 2026","0","KEM","S,M","linen lace fabric","áo không có đệm ngực, chân váy 2 lớp ,
 áo khóa sườn, chân váy khóa sau, áo và chân váy 2 lớp
Độ co giãn: KHÔNG","","","","","","","","","","","","","","","","","","","","","","","","","","20%",""
"","MR0VX6368","06/08/2026","Váy xoè","Không nhận sx 1c","","Olivrasa","1.250.000","","","","Xuân hè 2026","0","NÂU","S,M","Polka dot chiffon","váy kHÔNG có đệm ngực, eo chun, chui đầu, váy 2 lớp, KHÔNG KÈM QUẦN BẢO HỘ
Độ co giãn: KHÔNG","","","","","","","","","","","","","","","","","","","","","","","","","","20%",""
"","MR0SV6369","06/08/2026","Set váy","Không nhận sx 1c","","Oriva","1.450.000","","","","Xuân hè 2026","0","ĐEN BE","S,M","Silk Noil","áo không có đệm ngực, 2 lớp, áo chui đầu có dây buộc
Độ co giãn: KHÔNG","","","","","","","","","","","","","","","","","","","","","","","","","","20%",""
"","MRKSV6381","06/08/2026","Set váy","HẾT HÀNG","","Ovana","1.290.000","","","","Xuân hè 2026","0","HỒNG NUDE","S,M","REN HOA+Crinkle Chiffon","áo không có đệm ngực, 2 lớp, áo chui đầu, chân váy cạp chun
Độ co giãn: KHÔNG","","","","","","","","","","","","","","","","","","","","","","","","","","20%",""
"","MRKVX6335","06/08/2026","Váy xoè","Không cần cọc","","Ocelia","850.000","","","","Xuân hè 2026","85","HỒNG","S,M,L","Crinkle Chiffon
( MÀU NÂU RÊU LÀ CHẤT Stretch mesh fabric)","VÁY kHÔNG có đệm ngực, 2 lớp, KHÓA SAU, CÓ KÈM QUẦN BẢO HỘ
Độ co giãn: KHÔNG","Quần bảo hộ","","","","","","","","","","","","","","","","","","","","","","","","","20%",""
"","MRKVX6349","06/08/2026","Váy xoè","Không nhận sx 1c","","Onira","850.000","","","","Xuân hè 2026","5","BE","S,M,L","ĐŨI LINEN","VÁY kHÔNG có đệm ngực, 2 lớp, KHÓA SAU
Độ co giãn: KHÔNG","","","","","","","","","","","","","","","","","","","","","","","","","","20%",""
"","MRKJU6337","06/08/2026","jumpsuit","Không nhận sx 1c","","Olynn","1.050.000","","","","Xuân hè 2026","0","XANH XÁM","S,M","raw Chiffon","kHÔNG có đệm ngực, 2 lớp, CHUN EO
Độ co giãn: KHÔNG","","","","","","","","","","","","","","","","","","","","","","","","","","20%",""
"","MR0VX6370","06/08/2026","Váy xoè","Không nhận sx 1c","","Olara","1.350.000","","","","Xuân hè 2026","0","TRẮNG","S,M","silk windbreaker fabric","KHÔNG CÓ ĐỆM NGỰC , 2 LỚP, KHÓA SƯỜN, 
KHÔNG KÈM QUẦN BẢO HỘ
Độ co giãn: KHÔNG","","","","","","","","","","","","","","","","","","","","","","","","","","20%",""
"Không thấy ảnh","MRKVX6400","06/08/2026","Váy xoè","Không cần cọc","","Orenza","","","","","Xuân hè 2026","0","KEM","S,M","3D Floral Lace,mesh","KHÔNG CÓ ĐỆM NGỰC , 2 LỚP, CHUI ĐẦU
Độ co giãn: KHÔNG","","","","","","","","","","","","","","","","","","","","","","","","","","20%",""
"","MRVSV6222","06/08/2026","Set váy","HẾT HÀNG","","Ovelyn","1.650.000","","","","Xuân hè 2026","0","HỒNG, NÂU","S,M","Fluffy fiber","KHÔNG CÓ ĐỆM NGỰC , VÁY 2 DÂY , 2 LỚP ,
 CÓ KHOÁ SAU, 
CÓ LÓT QUẦN
Độ co giãn: KHÔNG","","","","","","","","","","","","","","","","","","","","","","","","","","20%",""
"","MR0VX6371","06/08/2026","Váy xoè","Không cần cọc","","Oressas","990.000","","","","Xuân hè 2026","0","TÍM","S,M","Sheer fabric","KHÔNG CÓ ĐỆM NGỰC , VÁY 2 DÂY , 2 LỚP 
, CÓ KHOÁ SAU, CÓ KÈM QUẦN BẢO HỘ
Độ co giãn: KHÔNG","","","","","","","","","","","","","","","","","","","","","","","","","","20%",""
"","MR0VX6372","06/08/2026","Váy xoè","Không nhận sx 1c","","Olyse","1.350.000","","","","Xuân hè 2026","2","NÂU","S,M","Suiting fabric","VÁY CÓ ĐỆM NGỰC , VÁY 2 DÂY , 2 LỚP , CÓ KHOÁ SAU , CÓ KÈM QUẦN BẢO HỘ
Độ co giãn: KHÔNG","","","","","","","","","","","","","","","","","","","","","","","","","","20%",""
"","MR0SV6373","06/08/2026","Set váy","Không nhận sx 1c","","Olina","1.200.000","","","","Xuân hè 2026","1","KEM, HỒNG","S,M","Delicate lace fabric","KHÔNG CÓ ĐỆM NGỰC ,ÁO 2 DÂY 
CHUI ĐẦU, CHUN LƯNG 
VÁY 2 LỚP , CẠP CHUN , 
CHÂN VÁY CÓ LÓT QUẦN
Độ co giãn: KHÔNG","","","","","","","","","","","","","","","","","","","","","","","","","","20%",""
"","MR0SV6374","06/08/2026","Set váy","HẾT HÀNG","","Orya","920.000","","","","Xuân hè 2026","0","XANH","S,M","Shimmer chiffon","KHÔNG CÓ ĐỆM NGỰC ,ÁO YẾM BUỘC CỔ LƯNG CHUN ,CHUI ĐẦU, CHUN LƯNG 
VÁY 2 LỚP , CẠP CHUN , CHÂN VÁY CÓ LÓT QUẦN
Độ co giãn: KHÔNG","","","","","","","","","","","","","","","","","","","","","","","","","","20%",""
"","MRKVX6345","06/08/2026","Váy xoè","Không cần cọc","","Oveliaa","890.000","","","","Xuân hè 2026","7","KEM","S,M","TAFFTA SATIN kết hợp Crinkle Chiffon","VÁY 2 LỚP, KHÓA SAU, KHÔNG CÓ MÚT NGỰC, 
KHÔNG KÈM QUẦN BẢO HỘ
Độ co giãn: KHÔNG","","","","","","","","","","","","","","","","","","","","","","","","","","20%",""
"","MR0SV6375","06/08/2026","Váy xoè","Không cần cọc","","Olexia","1.050.000","","","","Xuân hè 2026","20","NÂU","S,M,L","Tie-dye mesh fabric","ÁO 2 DÂY , HAI LỚP , CHUN LƯNG 
CHÂN VÁY 2 LỚP , CẠP CHUN , CÓ LÓT QUẦN
Độ co giãn: KHÔNG","","","","","","","","","","","","","","","","","","","","","","","","","","20%",""
"","MR0SV6377","06/08/2026","Set váy","HẾT HÀNG","","Opaline","1.150.000","","","","Xuân hè 2026","0","NÂU, HỒNG NUDE","S,M","mesh,raw Chiffon","ÁO CÚC CỔ SAU, 2 LỚP, 
CHÂN VÁY CÓ LÓT QUẦN, CẠP CHUN, HOA CÓ CÀI
Độ co giãn: KHÔNG","","","","","","","","","","","","","","","","","","","","","","","","","","20%",""
"","MR0VO6376","06/08/2026","Váy ôm","Không nhận sx 1c","","Ovellea","1.190.000","","","","Xuân hè 2026","0","KEM","S,M","linen lace fabric","VÁY LIỀN 2 LỚP, CÓ LÓT QUẦN, KHÓA SAU, 
KÈM BRA MÀU NÂU RỜI, VÁY CÓ ĐỆM NGỰC
Độ co giãn: KHÔNG","","","","","","","","","","","","","","","","","","","","","","","","","","20%",""
"","MR0SQ6378","06/08/2026","Set váy","Không nhận sx 1c","","Orabelle","990.000","","","","Xuân hè 2026","0","KEM","S,M","Pleated Chiffon","SET QUẦN, ÁO CHUI ĐẦU , CÓ CHUN CO GIÃN, 2 LỚP , 
QUẦN CẠP CHUN, KHÔNG CÓ MÚT NGỰC
Độ co giãn: KHÔNG","","","","","","","","","","","","","","","","","","","","","","","","","","20%",""
"","MR0VX6379","06/08/2026","Váy xoè","Không nhận sx 1c","","Olysette","850.000","","","","Xuân hè 2026","0","KEM","S,M","Polka Dot Chiffon","VÁY 2 LỚP, KHÔNG CÓ MÚT NGỰC, CHUI ĐẦU,
 BUỘC DÂY CỔ, CÓ KÈM QUẦN BẢO HỘ
Độ co giãn: KHÔNG","","","","","","","","","","","","","","","","","","","","","","","","","","20%",""
"","MR0SV6411","08/08/2026","Set váy","HẾT HÀNG","","Zaria","990.000","","","","Xuân hè 2026","1","HỒNG NUDE","S,M","floral lace fabric","SET VÁY 2 LỚP, CÓ LÓT QUẦN TRONG, 
CHÂN VÁY KHÓA SAU, ÁO CHUI ĐẦU , KHÔNG CÓ MÚT NGỰC
Độ co giãn: KHÔNG","","","","","","","","","","","","","","","","","","","","","","","","","","20%",""
"","MR0VX6412","06/08/2026","Váy xoè","Không nhận sx 1c","","Zariahe","1.350.000","","","","Xuân hè 2026","0","KEM","S,M","polka dot silk","KHÔNG CÓ ĐỆM NGỰC , 2 LỚP, KHÓA SƯỜN,
 KHÔNG KÈM QUẦN BẢO HỘ
Độ co giãn: KHÔNG","","","","","","","","","","","","","","","","","","","","","","","","","","20%",""
"","MR0VX6413","06/08/2026","Váy xoè","Không nhận sx 1c","","Zarin","980.000","","","","Xuân hè 2026","0","KEM","S,M","Polka dot twil","CÓ ĐỆM NGỰC,2 LỚP, KHÓA SAU, 
CÓ KÈM QUẦN BẢO HỘ
Độ co giãn: KHÔNG","","","","","","","","","","","","","","","","","","","","","","","","","","20%",""
"","MR0AC6414","06/08/2026","Áo cộc tay","Không nhận sx 1c","","Zarine","650.000","","","","Xuân hè 2026","0","KEM","S,M","Crinkle Chiffon","ÁO KHÔNG CÓ MÚT NGỰC, 2 LỚP , 
CHUI ĐẦU, BUỘC DÂY
Độ co giãn: KHÔNG","","","","","","","","","","","","","","","","","","","","","","","","","","20%",""
"","MR0SV6415","06/08/2026","Set váy","HẾT HÀNG","","Zarina","860.000","","","","Xuân hè 2026","0","VÀNG","S,M","Silk Chiffon","ÁO KHÔNG CÓ MÚT NGỰC, 
2 LỚP, ÁO CHUI ĐẦU, QUẦN CẠP CHUN,
 CÓ LÓT QUẦN
Độ co giãn: KHÔNG","","","","","","","","","","","","","","","","","","","","","","","","","","20%",""
"","MR0SQ6416","06/08/2026","Set quần","HẾT HÀNG","","Zarela","990.000","","","","Xuân hè 2026","0","KEM","S,M","VOAN OGANZA","ÁO 2 LỚP, KHÔNG CÓ MÚT NGỰC, 
ÁO CHUI ĐẦU, QUẦN CẠP CHUN
Độ co giãn: KHÔNG","","","","","","","","","","","","","","","","","","","","","","","","","","20%",""
"","MR0SQ6417","06/08/2026","Set quần","Không nhận sx 1c","","Zarelle","950.000","","","","Xuân hè 2026","1","NÂU NHẠT, NÂU ĐẬM","S,M","Silk Chiffon","ÁO 2 LỚP , KHÔNG CÓ MÚT NGỰC , ÁO CHUI ĐẦU ,QUẦN BÍ CẠP CHUN
Độ co giãn: KHÔNG","","","","","","","","","","","","","","","","","","","","","","","","","","20%",""
"","MR0SQ6418","06/08/2026","Set quần","Không nhận sx 1c","","Zareen","1.150.000","","","","Xuân hè 2026","0","BE, HỒNG","S,M","Fluffy fiber","ÁO 2 LỚP , KHÔNG CÓ MÚT NGỰC ,
 ÁO CHUI ĐẦU ,QUẦN CÙNG CHẤT VỚI NƠ CẠP CHUN
Độ co giãn: KHÔNG","","","","","","","","","","","","","","","","","","","","","","","","","","20%",""
"","MR0SV6419","06/08/2026","Set váy","Không cần cọc","","Zarelaine","1.280.000","","","","Xuân hè 2026","2","ĐEN, XANH","S,M","Silk Chiffon","SET ÁO VÀ CHÂN VÁY 2 LỚP, ÁO KHÓA SƯỜN
 ( MẶC GIỐNG JUM VÌ CÓ LÓT QUẦN LIỀN), 
CHÂN VÁY CẠP CHUN SAU, 
ÁO KHÔNG CÓ MÚT NGỰC, CÓ KÈM CÀI HOA
Độ co giãn: KHÔNG","","","","","","","","","","","","","","","","","","","","","","","","","","20%",""
"","MR0VX6420","06/08/2026","Váy xoè","Không nhận sx 1c","","Zareya","1.250.000","","","","Xuân hè 2026","0","XANH","S,M","DENIM","VÁY 1 LỚP , KHÓA SƯỜN, 
KHÔNG CÓ ĐỆM NGỰC, CÓ LÓT QUẦN TRONG
Độ co giãn: KHÔNG","","","","","","","","","","","","","","","","","","","","","","","","","","20%",""
"","MR0SV6421","06/08/2026","Set váy","Không nhận sx 1c","","Zélie","1.190.000","","","","Xuân hè 2026","0","KEM","S,M","CREP, REN LÔNG TUYẾT","A SO CÓ CHUN VAI , 2
 LỚP, CHÂN VÁY 2 LỚP, KHÓA SAU, CÓ LÓT QUẦN
Độ co giãn: KHÔNG","","","","","","","","","","","","","","","","","","","","","","","","","","20%",""
"","MR0VX6431","06/08/2026","Set váy","Không nhận sx 1c","","Zélia","1.150.000","","","","Xuân hè 2026","0","KEM, NÂU","S,M","3D Floral Lace","VÁY LIỀN KIỂU JUM LIỀN QUẦN, 
2 LỚP, KHÓA SAU, KHONG CÓ MÚT NGỰC
Độ co giãn: KHÔNG","","","","","","","","","","","","","","","","","","","","","","","","","","20%",""
"","MR0SV6432","06/08/2026","Set váy","HẾT HÀNG","","Zéliani","950.000","","","","Xuân hè 2026","0","KEM","S,M","Floral Lace","SET ÁO + CHÂN VÁY 2 LỚP, ÁO BUỘC DÂY
Độ co giãn: KHÔNG","","","","","","","","","","","","","","","","","","","","","","","","","","20%",""
"","MR0SV6435","06/08/2026","Set váy","Không nhận sx 1c","","Zéna","1.120.000","","","","Xuân hè 2026","0","VÀNG, NÂU","S,M","silk windbreaker fabric","SET VÁY , ÁO + CHÂN VÁY 2 LỚP, 
CÓ LÓT QUẦN, ÁO DÂY BUỘC CỔ, KHÓA SAU LƯNG
Độ co giãn: KHÔNG","","","","","","","","","","","","","","","","","","","","","","","","","","20%",""
"","MR0SQ6434","06/08/2026","Set quần","HẾT HÀNG","","Zénia","1.190.000","","","","Xuân hè 2026","0","BE","S,M","ĐŨI LINEN","SET ÁO + QUẦN 1 LỚP, QUẦN CẠP CHUN SAU
Độ co giãn: KHÔNG","","","","","","","","","","","","","","","","","","","","","","","","","","20%",""
"","MR0SQ6433","06/08/2026","Set quần","Không nhận sx 1c","","Zénie","1.490.000","","","","Xuân hè 2026","0","CAM","S,M","ĐŨI LINEN","SET ÁO + QUẦN 1 LỚP, QUẦN KHÓA TRƯỚC,
 ÁO KHÔNG CÓ MÚT NGỰC, KHÔNG CÓ ĐỆM VAI
Độ co giãn: KHÔNG","","","","","","","","","","","","","","","","","","","","","","","","","","20%",""
"","MR0VX6436","06/08/2026","Váy xoè","Không nhận sx 1c","","Zélisse","950.000","","","","Xuân hè 2026","1","NÂU, KEM","S,M","MESH Chiffon","VÁY 2 LỚP, CÓ KÈM QUẦN TRONG
Độ co giãn: KHÔNG","","","","","","","","","","","","","","","","","","","","","","","","","","20%",""
"","MR0VX6437","08/08/2026","Váy xoè","Không nhận sx 1c","","Zélora","1.350.000","","","","Xuân hè 2026","2","NÂU","S,M","Chiffon","VÁY 2 LỚP , KHÔNG KÈM QUẦN BẢO HỘ
Độ co giãn: KHÔNG","","","","","","","","","","","","","","","","","","","","","","","","","","20%",""
"","MR0SV6438","06/08/2026","Set váy","Không nhận sx 1c","","Zélina","1.380.000","","","","Xuân hè 2026","1","KEM, HONG TIM","S,M","Polyester chiffon","VÁY 2 LỚP, CHUI ĐẦU
Độ co giãn: KHÔNG","","","","","","","","","","","","","","","","","","","","","","","","","","20%",""
"","MR0SQ6439","06/08/2026","Set quần","Không nhận sx 1c","","Zéliane","980.000","","","","Xuân hè 2026","0","NAU","S,M","MESH Chiffon","Độ co giãn: KHÔNG","","","","","","","","","","","","","","","","","","","","","","","","","","20%",""
"","MR0SV6441","06/08/2026","Set váy","Không cần cọc","","Zoya","980.000","","","","Xuân hè 2026","1","XANH","S,M","DENIM","SET ÁO + CHÂN VÁY 2 LỚP, CHÂN VÁY CẠP CHUN, KHÔNG CÓ ĐỆM NGỰC
Độ co giãn: KHÔNG","","","","","","","","","","","","","","","","","","","","","","","","","","20%",""
"","MR0VX6440","06/08/2026","Váy xoè","Không nhận sx 1c","","Zoelle","980.000","","","","Xuân hè 2026","0","KEM","S,M","Chiffon fabric with lace","VÁY LIỀN 2 LỚP, KHÓA SAU, CÓ KÈM QUẦN BẢO HỘ
Độ co giãn: KHÔNG","","","","","","","","","","","","","","","","","","","","","","","","","","20%",""
"","MR0VS6442","08/08/2026","Váy suông","Không nhận sx 1c","","Zoellel","890.000","","","","Xuân hè 2026","17","NAU","S,M","Raw twill fabric","VÁY 2 LỚP , KHOÁ LƯNG , KHÔNG CÓ ĐỆM NGỰC
Độ co giãn: KHÔNG","","","","","","","","","","","","","","","","","","","","","","","","","","20%",""
"","MR0SQ6443","06/08/2026","Set quần","Không cần cọc","","Zoella","880.000","","","","Xuân hè 2026","0","KEM","S,M","OGANZA CHIFON","SET ÁO + QUẦN 2 LỚP
Độ co giãn: KHÔNG","","","","","","","","","","","","","","","","","","","","","","","","","","20%",""
"","MRKVX6382","08/08/2026","Váy xoè","Không cần cọc","","Zoellea","1.250.000","","","","Xuân hè 2026","0","NÂU RÊU","S,M,L","REN HOA+ Chiffon","VÁY LIỀN, 2 LỚP, KÈM QUẦN BẢO HỘ
Độ co giãn: KHÔNG","Quần bảo hộ","","mới","","","","","","","","","","","","","","","","","","","","","","","20%",""
"","MRKVX6411","06/08/2026","Váy xoè","Không cần cọc","","Zoanne","950.000","","","","Xuân hè 2026","0","HỒNG","S,M,L","Crinkle Chiffon","VÁY LIỀN 2 LỚP, KHÓA SAU
Độ co giãn: KHÔNG","","","mới","","","","","","","","","","","","","","","","","","","","","","","20%",""
"","MRVVX6402","06/08/2026","Váy xoè","Không cần cọc","","Zoaline","990.000","","","","Xuân hè 2026","0","XANHGHI","S,M,L","Crinkle Chiffon","VÁY LIỀN 2 LỚP, CHUN EO, CÓ KÈM QUẦN BẢO HỘ
Độ co giãn: KHÔNG","Quần bảo hộ","","mới","","","","","","","","","","","","","","","","","","","","","","","20%",""
"","MRKVX6371","06/08/2026","Váy xoè","Không cần cọc","","Zoalinea","990.000","","","","Xuân hè 2026","7","TÍM, HỒNG","S,M,L","Sheer fabric","VÁY LIỀN 2 DÂY 2 LỚP, CÓ KÈM QUẦN BẢO HỘ, KHÓA SAU
Độ co giãn: KHÔNG","Quần bảo hộ","","","","","","","","","","","","","","","","","","","","","","","","","20%",""
"","MRVVX6408","06/08/2026","Váy xoè","Không cần cọc","","Zoélia","890.000","","","","Xuân hè 2026","0","HỒNG","S,M,L","Crinkle Chiffon","VÁY LIỀN 2 DÂY 2 LỚP, CÓ KÈM QUẦN BẢO HỘ, KHÓA SAU
Độ co giãn: KHÔNG","Quần bảo hộ","","","","","","","","","","","","","","","","","","","","","","","","","20%",""
"","MRKSQ6040","06/08/2026","Set quần","Không cần cọc","","Zoise","1.650.000","","","","Xuân hè 2026","0","NÂU NUDE","S,M,L","Crinkle Chiffon","SET ÁO + QUẦN , 2 LỚP, QUẦN CẠP CHUN, ÁO KHÓA ĐỒNG TRƯỚC","","","mới","","","","","","","","","","","","","","","","","","","","","","","20%",""
"","MRAK5380","06/08/2026","Set quần","Không cần cọc","","Minette","2.040.000","1.500.000","1.500.000","","Xuân hè 2026","21","ĐỎ","S, M, L","DENIM XƯỚC VÂN","KHÓA TRƯỚC
Độ co giãn: K CO GIÃN","","","","","","","","","","","","","","","","","","","","","","","","","","50%",""
"","MRKSQ6418","07/08/2026","Set quần","Không nhận sx 1c","","Zivora","1.150.000","","","","Xuân hè 2026","1","HỒNG","S, M, L","Fluffy fiber","SET ÁO + QUẦN 2 LỚP, QUẦN CẠP CHUN
Độ co giãn: K CO GIÃN","","","","","","","","","","","","","","","","","","","","","","","","","","20%",""
"Không thấy ảnh","MRKVX6483","06/08/2026","Váy xoè","Không cần cọc","","Zivana","","","","","Xuân hè 2026","","","","","","","","","","","","","","","","","","","","","","","","","","","","","","","20%",""
"","MRKVX6424","07/08/2026","Váy xoè","Không cần cọc","","Zivina","990.000","","","","Xuân hè 2026","0","HỒNG","S, M, L","REN HOA+ Chiffon","VÁY 2 DÂY , CHUI ĐẦU, 3 LỚP, CÓ KÈM QUẦN BẢO HỘ","Quần bảo hộ","","mới","","","","","","","","","","","","","","","","","","","","","","","20%",""
"","MRKVX6383","07/08/2026","Váy xoè","Không cần cọc","","Zorinae","1.590.000","","","","Xuân hè 2026","0","HỒNG","S, M, L","LƯỚI + VON LY","VÁY 2 DÂY , CHUI ĐẦU, 2 LỚP, CÓ KÈM QUẦN BẢO HỘ","Quần bảo hộ","","mới","","","","","","","","","","","","","","","","","","","","","","","20%",""
"","MRKVX6423","07/08/2026","Váy xoè","Không cần cọc","","Ziviane","890.000","","","","Xuân hè 2026","0","KEM","S, M, L","REN HOA+ Chiffon","VÁY 2 DÂY , KHÓA SƯỜN, CÓ KÈM QUẦN BẢO HỘ","Quần bảo hộ","","","","","","","","","","","","","","","","","","","","","","","","","20%",""
"","",""," ","","","","","","","","","","","","","","","","","","","","","","","","","","","","","","","","","","","","","","","",""